citation_key,item_type,title,year,journal,volume,issue,pages,doi,pmid,keywords,source_collection,source_query,url
Karuppannasamy2014Linezolidinducedopticn,article,Linezolid-induced optic neuropathy.,2014,Indian J Ophthalmol,62,4,497-500,10.4103/0301-4738.118451,24088636,thesis-body; linezolid-toxicity,thesis-body,linezolid-toxicity,https://pubmed.ncbi.nlm.nih.gov/24088636/
Esposito2015Bedaquilineanddelamanidintub,article,Bedaquiline and delamanid in tuberculosis.,2015,Expert Opin Pharmacother,16,15,2319-30,10.1517/14656566.2015.1080240,26293803,thesis-body; bedaquiline-safety-qtc,thesis-body,bedaquiline-safety-qtc,https://pubmed.ncbi.nlm.nih.gov/26293803/
Douros2015Drugdruginteractionsandsafetyo,article,"Drug-drug interactions and safety of linezolid, tedizolid, and other oxazolidinones.",2015,Expert Opin Drug Metab Toxicol,11,12,1849-59,10.1517/17425255.2015.1098617,26457865,thesis-body; linezolid-toxicity,thesis-body,linezolid-toxicity,https://pubmed.ncbi.nlm.nih.gov/26457865/
Sotgiu2015Facingmultidrugresistanttuberc,article,Facing multi-drug resistant tuberculosis.,2015,Pulm Pharmacol Ther,32,,144-8,10.1016/j.pupt.2014.04.006,24792579,thesis-body; bedaquiline-safety-qtc,thesis-body,bedaquiline-safety-qtc,https://pubmed.ncbi.nlm.nih.gov/24792579/
Tiberi2017NotAvailable,article,[Not Available].,2017,Presse Med,46,2 Pt 2,e41-e51,10.1016/j.lpm.2017.01.016,28256383,thesis-body; linezolid-toxicity,thesis-body,linezolid-toxicity,https://pubmed.ncbi.nlm.nih.gov/28256383/
Mukherjee2017Currenttherapiesforthetreat,article,Current therapies for the treatment of multidrug-resistant tuberculosis in children in India.,2017,Expert Opin Pharmacother,18,15,1595-1606,10.1080/14656566.2017.1373090,28847228,thesis-body; drtb-short-regimen-outcomes,thesis-body,drtb-short-regimen-outcomes,https://pubmed.ncbi.nlm.nih.gov/28847228/
Fox2017Group5drugsformultidrugresistantt,article,Group 5 drugs for multidrug-resistant tuberculosis: individual patient data meta-analysis.,2017,Eur Respir J,49,1,,10.1183/13993003.00993-2016,28049171,thesis-body; drtb-short-regimen-outcomes,thesis-body,drtb-short-regimen-outcomes,https://pubmed.ncbi.nlm.nih.gov/28049171/
Pontali2018Multiandextensivelydrugresist,article,Multi and extensively drug-resistant pulmonary tuberculosis: advances in diagnosis and management.,2018,Curr Opin Pulm Med,24,3,244-252,10.1097/MCP.0000000000000477,29470252,thesis-body; bedaquiline-safety-qtc,thesis-body,bedaquiline-safety-qtc,https://pubmed.ncbi.nlm.nih.gov/29470252/
Cohen2019Asafetyevaluationofbedaquilinef,article,A safety evaluation of bedaquiline for the treatment of multi-drug resistant tuberculosis.,2019,Expert Opin Drug Saf,18,10,875-882,10.1080/14740338.2019.1648429,31339384,thesis-body; bedaquiline-safety-qtc,thesis-body,bedaquiline-safety-qtc,https://pubmed.ncbi.nlm.nih.gov/31339384/
Singh2019Linezolidfordrugresistantpulmon,article,Linezolid for drug-resistant pulmonary tuberculosis.,2019,Cochrane Database Syst Rev,3,3,CD012836,10.1002/14651858.CD012836.pub2,30893466,thesis-body; linezolid-toxicity,thesis-body,linezolid-toxicity,https://pubmed.ncbi.nlm.nih.gov/30893466/
Lange2019Managementofdrugresistanttuberc,article,Management of drug-resistant tuberculosis.,2019,Lancet,394,10202,953-966,10.1016/S0140-6736(19)31882-3,31526739,thesis-body; drtb-short-regimen-outcomes,thesis-body,drtb-short-regimen-outcomes,https://pubmed.ncbi.nlm.nih.gov/31526739/
Lange2019Managementofpatientswithmultidr,article,Management of patients with multidrug-resistant tuberculosis.,2019,Int J Tuberc Lung Dis,23,6,645-662,10.5588/ijtld.18.0622,31315696,thesis-body; drtb-short-regimen-outcomes,thesis-body,drtb-short-regimen-outcomes,https://pubmed.ncbi.nlm.nih.gov/31315696/
Hickson2019Senolyticsdecreasesenescentce,article,Senolytics decrease senescent cells in humans: Preliminary report from a clinical trial of Dasatinib plus Quercetin in individuals with diabetic kidney disease.,2019,EBioMedicine,47,,446-456,10.1016/j.ebiom.2019.08.069,31542391,thesis-body; sasp-tb-clinical-translational,thesis-body,sasp-tb-clinical-translational,https://pubmed.ncbi.nlm.nih.gov/31542391/
Wang2020AllelicSpecificRegulationofxCTEx,article,Allelic-Specific Regulation of xCT Expression Increases Susceptibility to Tuberculosis by Modulating microRNA-mRNA Interactions.,2020,mSphere,5,2,,10.1128/mSphere.00263-20,32321821,thesis-body; xct-slc7a11-genetics,thesis-body,xct-slc7a11-genetics,https://pubmed.ncbi.nlm.nih.gov/32321821/
Kwak2020Changesintreatmentformultidrugre,article,Changes in treatment for multidrug-resistant tuberculosis according to national income.,2020,Eur Respir J,56,5,,10.1183/13993003.01394-2020,32586878,thesis-body; drtb-short-regimen-outcomes,thesis-body,drtb-short-regimen-outcomes,https://pubmed.ncbi.nlm.nih.gov/32586878/
Lan2020Drugassociatedadverseeventsinthet,article,Drug-associated adverse events in the treatment of multidrug-resistant tuberculosis: an individual patient data meta-analysis.,2020,Lancet Respir Med,8,4,383-394,10.1016/S2213-2600(20)30047-3,32192585,drtb-short-regimen-outcomes; linezolid-toxicity; thesis-body,thesis-body,drtb-short-regimen-outcomes,https://pubmed.ncbi.nlm.nih.gov/32192585/
Chiu2020Infectionriskinpatientsundergoin,article,Infection risk in patients undergoing treatment for inflammatory arthritis: non-biologics versus biologics.,2020,Expert Rev Clin Immunol,16,2,207-228,10.1080/1744666X.2019.1705785,31852268,thesis-body; sasp-tb-clinical-translational,thesis-body,sasp-tb-clinical-translational,https://pubmed.ncbi.nlm.nih.gov/31852268/
Aljebreen2020LinezolidInducedToxicOpticN,article,Linezolid-Induced Toxic Optic Neuropathy.,2020,Middle East Afr J Ophthalmol,27,4,235-237,10.4103/meajo.MEAJO_73_20,33814822,thesis-body; linezolid-toxicity,thesis-body,linezolid-toxicity,https://pubmed.ncbi.nlm.nih.gov/33814822/
Masuku2020Managingmultidrugresistanttube,article,Managing multidrug-resistant tuberculosis in South Africa: a budget impact analysis.,2020,Int J Tuberc Lung Dis,24,4,376-382,10.5588/ijtld.19.0409,32317060,thesis-body; drtb-short-regimen-outcomes,thesis-body,drtb-short-regimen-outcomes,https://pubmed.ncbi.nlm.nih.gov/32317060/
Conradie2020TreatmentofHighlyDrugResista,article,Treatment of Highly Drug-Resistant Pulmonary Tuberculosis.,2020,N Engl J Med,382,10,893-902,10.1056/NEJMoa1901814,32130813,bedaquiline-safety-qtc; drtb-short-regimen-outcomes; linezolid-toxicity; thesis-body,thesis-body,drtb-short-regimen-outcomes,https://pubmed.ncbi.nlm.nih.gov/32130813/
Moodliar2021Bedaquilineformultidrugresis,article,Bedaquiline for multidrug-resistant TB in paediatric patients.,2021,Int J Tuberc Lung Dis,25,9,716-724,10.5588/ijtld.21.0022,34802493,thesis-body; drtb-short-regimen-outcomes,thesis-body,drtb-short-regimen-outcomes,https://pubmed.ncbi.nlm.nih.gov/34802493/
Wang2021Diabetesfuelsperiodontallesionsv,article,Diabetes fuels periodontal lesions via GLUT1-driven macrophage inflammaging.,2021,Int J Oral Sci,13,1,11,10.1038/s41368-021-00116-6,33762572,thesis-body; sasp-tb-clinical-translational,thesis-body,sasp-tb-clinical-translational,https://pubmed.ncbi.nlm.nih.gov/33762572/
Wei2021Dipetidylpeptidase4andtransferrin,article,Dipetidyl peptidase-4 and transferrin receptor serve as prognostic biomarkers for acute myeloid leukemia.,2021,Ann Transl Med,9,17,1381,10.21037/atm-21-3368,34733933,thesis-body; xct-slc7a11-genetics,thesis-body,xct-slc7a11-genetics,https://pubmed.ncbi.nlm.nih.gov/34733933/
Roelens2021EvidencebasedDefinitionforExt,article,Evidence-based Definition for Extensively Drug-Resistant Tuberculosis.,2021,Am J Respir Crit Care Med,204,6,713-722,10.1164/rccm.202009-3527OC,34107231,thesis-body; drtb-short-regimen-outcomes,thesis-body,drtb-short-regimen-outcomes,https://pubmed.ncbi.nlm.nih.gov/34107231/
Honerlagen2021IdentificationofGenomicReg,article,Identification of Genomic Regions Influencing N-Metabolism and N-Excretion in Lactating Holstein- Friesians.,2021,Front Genet,12,,699550,10.3389/fgene.2021.699550,34335696,thesis-body; xct-slc7a11-genetics,thesis-body,xct-slc7a11-genetics,https://pubmed.ncbi.nlm.nih.gov/34335696/
Haley2021Novel6MonthTreatmentforDrugResi,article,"Novel 6-Month Treatment for Drug-Resistant Tuberculosis, United States.",2021,Emerg Infect Dis,27,1,332-4,10.3201/eid2701.203766,33227229,thesis-body; drtb-short-regimen-outcomes,thesis-body,drtb-short-regimen-outcomes,https://pubmed.ncbi.nlm.nih.gov/33227229/
Su2021Potentialroleofsenescentmacrophage,article,Potential role of senescent macrophages in radiation-induced pulmonary fibrosis.,2021,Cell Death Dis,12,6,527,10.1038/s41419-021-03811-8,34023858,thesis-body; sasp-tb-clinical-translational,thesis-body,sasp-tb-clinical-translational,https://pubmed.ncbi.nlm.nih.gov/34023858/
Deb2021PretomanidThelatestUSFDAapproveda,article,Pretomanid: The latest USFDA-approved anti-tuberculosis drug.,2021,Indian J Tuberc,68,2,287-291,10.1016/j.ijtb.2020.09.003,33845969,drtb-short-regimen-outcomes; linezolid-toxicity; thesis-body,thesis-body,drtb-short-regimen-outcomes,https://pubmed.ncbi.nlm.nih.gov/33845969/
Fatima2021RepurposingImmunomodulatoryDru,article,Repurposing Immunomodulatory Drugs to Combat Tuberculosis.,2021,Front Immunol,12,,645485,10.3389/fimmu.2021.645485,33927718,thesis-body; linezolid-toxicity,thesis-body,linezolid-toxicity,https://pubmed.ncbi.nlm.nih.gov/33927718/
Lee2021Virusinducedsenescenceisadriveran,article,Virus-induced senescence is a driver and therapeutic target in COVID-19.,2021,Nature,599,7884,283-289,10.1038/s41586-021-03995-1,34517409,thesis-body; sasp-tb-clinical-translational,thesis-body,sasp-tb-clinical-translational,https://pubmed.ncbi.nlm.nih.gov/34517409/
Nyangwa2022A24WeekAllOralRegimenforRifam,article,"A 24-Week, All-Oral Regimen for Rifampin-Resistant Tuberculosis.",2022,N Engl J Med,387,25,2331-2343,10.1056/NEJMoa2117166,36546625,bedaquiline-safety-qtc; linezolid-toxicity; thesis-body,thesis-body,linezolid-toxicity,https://pubmed.ncbi.nlm.nih.gov/36546625/
Conradie2022BedaquilinePretomanidLinezol,article,Bedaquiline-Pretomanid-Linezolid Regimens for Drug-Resistant Tuberculosis.,2022,N Engl J Med,387,9,810-823,10.1056/NEJMoa2119430,36053506,bedaquiline-safety-qtc; drtb-short-regimen-outcomes; linezolid-toxicity; thesis-body,thesis-body,drtb-short-regimen-outcomes,https://pubmed.ncbi.nlm.nih.gov/36053506/
Wasserman2022Linezolidtoxicityinpatients,article,Linezolid toxicity in patients with drug-resistant tuberculosis: a prospective cohort study.,2022,J Antimicrob Chemother,77,4,1146-1154,10.1093/jac/dkac019,35134182,thesis-body; linezolid-toxicity,thesis-body,linezolid-toxicity,https://pubmed.ncbi.nlm.nih.gov/35134182/
Lin2022PanCancerAnalysesConfirmedtheFerr,article,Pan-Cancer Analyses Confirmed the Ferroptosis-Related Gene SLC7A11 as a Prognostic Biomarker for Cancer.,2022,Int J Gen Med,15,,2501-2513,10.2147/IJGM.S341502,35282646,thesis-body; xct-slc7a11-genetics,thesis-body,xct-slc7a11-genetics,https://pubmed.ncbi.nlm.nih.gov/35282646/
Fekadu2022Pretomaniddevelopmentanditscli,article,Pretomanid development and its clinical roles in treating tuberculosis.,2022,J Glob Antimicrob Resist,31,,175-184,10.1016/j.jgar.2022.09.001,36087906,thesis-body; drtb-short-regimen-outcomes,thesis-body,drtb-short-regimen-outcomes,https://pubmed.ncbi.nlm.nih.gov/36087906/
Gils2022Pretomanidfortuberculosisasystem,article,Pretomanid for tuberculosis: a systematic review.,2022,Clin Microbiol Infect,28,1,31-42,10.1016/j.cmi.2021.08.007,34400340,bedaquiline-safety-qtc; linezolid-toxicity; thesis-body,thesis-body,linezolid-toxicity,https://pubmed.ncbi.nlm.nih.gov/34400340/
Kuchinskaya2023CasereportSulfasalazinein,article,Case report: Sulfasalazine-induced hypersensitivity.,2023,Front Med (Lausanne),10,,1140339,10.3389/fmed.2023.1140339,37293296,thesis-body; sasp-tb-clinical-translational,thesis-body,sasp-tb-clinical-translational,https://pubmed.ncbi.nlm.nih.gov/37293296/
Zong2023Characterisationofmacrophageinfi,article,Characterisation of macrophage infiltration and polarisation based on integrated transcriptomic and histological analyses in Primary Sjögren's syndrome.,2023,Front Immunol,14,,1292146,10.3389/fimmu.2023.1292146,38022546,thesis-body; sasp-tb-clinical-translational,thesis-body,sasp-tb-clinical-translational,https://pubmed.ncbi.nlm.nih.gov/38022546/
Haston2023Clearanceofsenescentmacrophage,article,Clearance of senescent macrophages ameliorates tumorigenesis in KRAS-driven lung cancer.,2023,Cancer Cell,41,7,1242-1260.e6,10.1016/j.ccell.2023.05.004,37267953,thesis-body; sasp-tb-clinical-translational,thesis-body,sasp-tb-clinical-translational,https://pubmed.ncbi.nlm.nih.gov/37267953/
deLima2023GeneticandEpigeneticRegulation,article,Genetic and Epigenetic Regulation of the Innate Immune Response to Gout.,2023,Immunol Invest,52,3,364-397,10.1080/08820139.2023.2168554,36745138,thesis-body; xct-slc7a11-genetics,thesis-body,xct-slc7a11-genetics,https://pubmed.ncbi.nlm.nih.gov/36745138/
Winters2023Identifyingpatientswithmultid,article,Identifying patients with multidrug-resistant tuberculosis who may benefit from shorter durations of treatment.,2023,PLoS One,18,10,e0292106,10.1371/journal.pone.0292106,37797071,thesis-body; drtb-short-regimen-outcomes,thesis-body,drtb-short-regimen-outcomes,https://pubmed.ncbi.nlm.nih.gov/37797071/
Miller2023Linezolidopticneuropathy,article,Linezolid optic neuropathy.,2023,Curr Opin Ophthalmol,34,6,481-486,10.1097/ICU.0000000000000995,37603423,thesis-body; linezolid-toxicity,thesis-body,linezolid-toxicity,https://pubmed.ncbi.nlm.nih.gov/37603423/
Schloesser2023Senescentcellssuppressmacr,article,Senescent cells suppress macrophage-mediated corpse removal via upregulation of the CD47-QPCT/L axis.,2023,J Cell Biol,222,2,,10.1083/jcb.202207097,36459066,thesis-body; sasp-tb-clinical-translational,thesis-body,sasp-tb-clinical-translational,https://pubmed.ncbi.nlm.nih.gov/36459066/
Frare2023Sexandagedependentcontributiono,article,"Sex- and age-dependent contribution of System xc- to cognitive, sensory, and social behaviors revealed by comprehensive behavioral analyses of System xc- null mice.",2023,Front Behav Neurosci,17,,1238349,10.3389/fnbeh.2023.1238349,37649973,thesis-body; xct-slc7a11-genetics,thesis-body,xct-slc7a11-genetics,https://pubmed.ncbi.nlm.nih.gov/37649973/
Fu2023SEALMDRProtocol,article,Study protocol for safety and efficacy of all-oral shortened regimens for multidrug-resistant tuberculosis: a multicenter randomized withdrawal trial and a single-arm trial [SEAL-MDR],2023,BMC Infectious Diseases,23,1,834,10.1186/s12879-023-08828-w,,thesis-body; protocol; mdr-chin,thesis-body,manual,
Geiger2023SuccessfulMultidrugResistantTu,article,Successful Multidrug-Resistant Tuberculosis Treatment Without HIV Viral Suppression: A Missed Opportunity.,2023,J Acquir Immune Defic Syndr,94,3,253-261,10.1097/QAI.0000000000003268,37757847,thesis-body; drtb-short-regimen-outcomes,thesis-body,drtb-short-regimen-outcomes,https://pubmed.ncbi.nlm.nih.gov/37757847/
Lai2023Theimpactofalcoholicdrinksanddiet,article,The impact of alcoholic drinks and dietary factors on epigenetic markers associated with triglyceride levels.,2023,Front Genet,14,,1117778,10.3389/fgene.2023.1117778,36873949,thesis-body; xct-slc7a11-genetics,thesis-body,xct-slc7a11-genetics,https://pubmed.ncbi.nlm.nih.gov/36873949/
Rossor2023Toxicneuropathies,article,Toxic neuropathies.,2023,Curr Opin Neurol,36,5,402-409,10.1097/WCO.0000000000001193,37639472,thesis-body; linezolid-toxicity,thesis-body,linezolid-toxicity,https://pubmed.ncbi.nlm.nih.gov/37639472/
Paton2023TreatmentStrategyforRifampinSus,article,Treatment Strategy for Rifampin-Susceptible Tuberculosis.,2023,N Engl J Med,388,10,873-887,10.1056/NEJMoa2212537,36808186,bedaquiline-safety-qtc; linezolid-toxicity; thesis-body,thesis-body,linezolid-toxicity,https://pubmed.ncbi.nlm.nih.gov/36808186/
Conley2023Whatarethecorerecommendationsf,article,What are the core recommendations for rheumatoid arthritis care? Systematic review of clinical practice guidelines.,2023,Clin Rheumatol,42,9,2267-2278,10.1007/s10067-023-06654-0,37291382,thesis-body; sasp-tb-clinical-translational,thesis-body,sasp-tb-clinical-translational,https://pubmed.ncbi.nlm.nih.gov/37291382/
ZohaibAli2024AmodifiedBPaLregimenfortube,article,A modified BPaL regimen for tuberculosis treatment replaces linezolid with inhaled spectinamides.,2024,Elife,13,,,10.7554/eLife.96190,39378165,bedaquiline-safety-qtc; linezolid-toxicity; thesis-body,thesis-body,linezolid-toxicity,https://pubmed.ncbi.nlm.nih.gov/39378165/
Xiao2024AdvancementsinTargetingMacrophag,article,Advancements in Targeting Macrophage Senescence for Age-Associated Conditions.,2024,Aging Dis,16,4,2201-2236,10.14336/AD.2024.0720,39500353,thesis-body; sasp-tb-clinical-translational,thesis-body,sasp-tb-clinical-translational,https://pubmed.ncbi.nlm.nih.gov/39500353/
Zou2024Adversedrugeventsassociatedwithli,article,Adverse drug events associated with linezolid administration: a real-world pharmacovigilance study from 2004 to 2023 using the FAERS database.,2024,Front Pharmacol,15,,1338902,10.3389/fphar.2024.1338902,38434706,thesis-body; linezolid-toxicity,thesis-body,linezolid-toxicity,https://pubmed.ncbi.nlm.nih.gov/38434706/
Akerman2024Crosssectionalandlongitudinal,article,Cross-sectional and longitudinal genotype to phenotype surveillance of SARS-CoV-2 variants over the first four years of the COVID-19 pandemic.,2024,EBioMedicine,110,,105415,10.1016/j.ebiom.2024.105415,39549677,thesis-body; xct-slc7a11-genetics,thesis-body,xct-slc7a11-genetics,https://pubmed.ncbi.nlm.nih.gov/39549677/
Farhat2024Drugresistanttuberculosisapers,article,Drug-resistant tuberculosis: a persistent global health concern.,2024,Nat Rev Microbiol,22,10,617-635,10.1038/s41579-024-01025-1,38519618,thesis-body; drtb-short-regimen-outcomes,thesis-body,drtb-short-regimen-outcomes,https://pubmed.ncbi.nlm.nih.gov/38519618/
Wang2024Effectofdisulfidptosisrelatedgen,article,"Effect of disulfidptosis-related genes SLC3A2, SLC7A11 and FLNB polymorphisms on risk of autoimmune thyroiditis in a Chinese population.",2024,Int Immunopharmacol,129,,111605,10.1016/j.intimp.2024.111605,38316082,thesis-body; xct-slc7a11-genetics,thesis-body,xct-slc7a11-genetics,https://pubmed.ncbi.nlm.nih.gov/38316082/
Korotych2024Effectivenessandsafetyofmodi,article,Effectiveness and safety of modified fully oral 9-month treatment regimens for rifampicin-resistant tuberculosis: a prospective cohort study.,2024,Lancet Infect Dis,24,10,1151-1161,10.1016/S1473-3099(24)00228-7,38880112,thesis-body; bedaquiline-safety-qtc,thesis-body,bedaquiline-safety-qtc,https://pubmed.ncbi.nlm.nih.gov/38880112/
Padmapriyadarsini2024EffectivenessandSaf,article,"Effectiveness and Safety of Varying Doses of Linezolid With Bedaquiline and Pretomanid in Treatment of Drug-Resistant Pulmonary Tuberculosis: Open-Label, Randomized Clinical Trial.",2024,Clin Infect Dis,79,6,1375-1385,10.1093/cid/ciae388,39194339,bedaquiline-safety-qtc; drtb-short-regimen-outcomes; thesis-body,thesis-body,drtb-short-regimen-outcomes,https://pubmed.ncbi.nlm.nih.gov/39194339/
Fu2024SASPpreXDR,article,"Evaluation of Sulfasalazine as an Adjunctive Therapy in Treating Pulmonary Pre-XDR-TB: Efficacy, Safety, and Treatment Implication",2024,Infection and Drug Resistance,17,,595-604,10.2147/IDR.S449889,,thesis-body; sasp; clinical,thesis-body,manual,
Perini2024Genomicinsightsintoshankandegg,article,Genomic insights into shank and eggshell color in Italian local chickens.,2024,Poult Sci,103,6,103677,10.1016/j.psj.2024.103677,38593544,thesis-body; xct-slc7a11-genetics,thesis-body,xct-slc7a11-genetics,https://pubmed.ncbi.nlm.nih.gov/38593544/
Brooks2024LinezolidPharmacokineticAnemia,article,Linezolid Pharmacokinetic-Anemia Modeling in Children With Rifampicin-Resistant Tuberculosis.,2024,Clin Infect Dis,79,6,1495-1502,10.1093/cid/ciae497,39422476,thesis-body; drtb-short-regimen-outcomes,thesis-body,drtb-short-regimen-outcomes,https://pubmed.ncbi.nlm.nih.gov/39422476/
Goodall2024Longtermefficacyandsafetyoftw,article,"Long-term efficacy and safety of two short standardised regimens for the treatment of rifampicin-resistant tuberculosis (STREAM stage 2): extended follow-up of an open-label, multicentre, randomised, non-inferiority trial.",2024,Lancet Respir Med,12,12,975-987,10.1016/S2213-2600(24)00186-3,39366400,thesis-body; bedaquiline-safety-qtc,thesis-body,bedaquiline-safety-qtc,https://pubmed.ncbi.nlm.nih.gov/39366400/
Motta2024Recentadvancesinthetreatmentoft,article,Recent advances in the treatment of tuberculosis.,2024,Clin Microbiol Infect,30,9,1107-1114,10.1016/j.cmi.2023.07.013,37482332,thesis-body; drtb-short-regimen-outcomes,thesis-body,drtb-short-regimen-outcomes,https://pubmed.ncbi.nlm.nih.gov/37482332/
Qin2024SenescentMacrophagesandtheLungCan,article,Senescent Macrophages and the Lung Cancer Microenvironment: A New Perspective on Tumor Immune Evasion.,2024,Aging Dis,16,6,3453-3465,10.14336/AD.2024.1404,39751858,thesis-body; sasp-tb-clinical-translational,thesis-body,sasp-tb-clinical-translational,https://pubmed.ncbi.nlm.nih.gov/39751858/
Ji2024Theemergingimportanceoflymphangiog,article,The emerging importance of lymphangiogenesis in aging and aging-associated diseases.,2024,Mech Ageing Dev,221,,111975,10.1016/j.mad.2024.111975,39089499,thesis-body; sasp-tb-clinical-translational,thesis-body,sasp-tb-clinical-translational,https://pubmed.ncbi.nlm.nih.gov/39089499/
Cai2024Theimpactofageingmechanismsonmusc,article,The impact of ageing mechanisms on musculoskeletal system diseases in the elderly.,2024,Front Immunol,15,,1405621,10.3389/fimmu.2024.1405621,38774874,thesis-body; sasp-tb-clinical-translational,thesis-body,sasp-tb-clinical-translational,https://pubmed.ncbi.nlm.nih.gov/38774874/
Sun2024TherapeuticStrategiesforTuberculo,article,Therapeutic Strategies for Tuberculosis: Progress and Lessons Learned.,2024,Biomed Environ Sci,37,11,1310-1323,10.3967/bes2024.168,39667968,thesis-body; linezolid-toxicity,thesis-body,linezolid-toxicity,https://pubmed.ncbi.nlm.nih.gov/39667968/
Tripathy2024Unveilingthemolecularmechani,article,"Unveiling the molecular mechanisms of pigmentation control in Queen Loach, Botia dario (Hamilton, 1822): Insights from sesame seed and marigold-induced antityrosinase effects.",2024,J Anim Physiol Anim Nutr (Berl),108,5,1453-1467,10.1111/jpn.13983,38767315,thesis-body; xct-slc7a11-genetics,thesis-body,xct-slc7a11-genetics,https://pubmed.ncbi.nlm.nih.gov/38767315/
Zhang2025ANGPTL4theLinkBindingLipidMetab,article,ANGPTL4-the Link Binding Lipid Metabolism and Inflammation.,2025,Curr Med Chem,32,15,2931-2949,10.2174/0109298673320024240829070906,39252623,thesis-body; xct-slc7a11-genetics,thesis-body,xct-slc7a11-genetics,https://pubmed.ncbi.nlm.nih.gov/39252623/
Zheng2025BerberineInhibitedSASPRelatedIn,article,Berberine Inhibited SASP-Related Inflammation through RXRα/PPARγ/NEDD4 Pathway in Atherosclerosis.,2025,Am J Chin Med,53,1,251-283,10.1142/S0192415X25500107,39829230,thesis-body; sasp-tb-clinical-translational,thesis-body,sasp-tb-clinical-translational,https://pubmed.ncbi.nlm.nih.gov/39829230/
Song2025Beyondpolarizationmacrophagesene,article,Beyond polarization: macrophage senescence in immunoregulation and cancer therapy.,2025,Int J Biol Sci,21,10,4312-4333,10.7150/ijbs.115921,40765820,thesis-body; sasp-tb-clinical-translational,thesis-body,sasp-tb-clinical-translational,https://pubmed.ncbi.nlm.nih.gov/40765820/
Tan2025CD2APisadisulfidptosismodulatoran,article,CD2AP is a disulfidptosis modulator and prognostic biomarker in hepatocellular carcinoma.,2025,Clin Exp Med,26,1,5,10.1007/s10238-025-01917-3,41249753,thesis-body; xct-slc7a11-genetics,thesis-body,xct-slc7a11-genetics,https://pubmed.ncbi.nlm.nih.gov/41249753/
Thu2025Decipheringlinezolidinducedhemato,article,Deciphering linezolid-induced hematologic toxicity: Targeting TOP2A and TOP2B via its primary metabolite PNU142586.,2025,Sci Adv,11,22,eadt5833,10.1126/sciadv.adt5833,40435237,thesis-body; linezolid-toxicity,thesis-body,linezolid-toxicity,https://pubmed.ncbi.nlm.nih.gov/40435237/
Yang2025Dicoumarolsensitizeshepatocellul,article,Dicoumarol sensitizes hepatocellular carcinoma cells to ferroptosis induced by imidazole ketone erastin.,2025,Front Immunol,16,,1531874,10.3389/fimmu.2025.1531874,40007539,thesis-body; xct-slc7a11-genetics,thesis-body,xct-slc7a11-genetics,https://pubmed.ncbi.nlm.nih.gov/40007539/
Zhang2025HumanmooddisorderriskgeneSynapt,article,Human mood disorder risk gene Synaptotagmin-14 contributes to mania-like behaviors in mice.,2025,Mol Psychiatry,30,8,3466-3477,10.1038/s41380-025-02933-1,39966626,thesis-body; xct-slc7a11-genetics,thesis-body,xct-slc7a11-genetics,https://pubmed.ncbi.nlm.nih.gov/39966626/
Maranchick2025LinezolidDosingandPharmaco,article,Linezolid Dosing and Pharmacokinetics in North American Patients With Tuberculosis.,2025,Clin Infect Dis,81,4,830-837,10.1093/cid/ciaf027,39834217,thesis-body; drtb-short-regimen-outcomes,thesis-body,drtb-short-regimen-outcomes,https://pubmed.ncbi.nlm.nih.gov/39834217/
Guglielmetti2025OralRegimensforRifampinR,article,"Oral Regimens for Rifampin-Resistant, Fluoroquinolone-Susceptible Tuberculosis.",2025,N Engl J Med,392,5,468-482,10.1056/NEJMoa2400327,39879593,thesis-body; linezolid-toxicity,thesis-body,linezolid-toxicity,https://pubmed.ncbi.nlm.nih.gov/39879593/
An2025Tuberculosisvaccinesandtherapeutic,article,Tuberculosis vaccines and therapeutic drug: challenges and future directions.,2025,Mol Biomed,6,1,4,10.1186/s43556-024-00243-6,39841361,thesis-body; drtb-short-regimen-outcomes,thesis-body,drtb-short-regimen-outcomes,https://pubmed.ncbi.nlm.nih.gov/39841361/
Matteelli2025Updateonmultidrugresistantt,article,Update on multidrug-resistant tuberculosis preventive therapy toward the global tuberculosis elimination.,2025,Int J Infect Dis,155,,107849,10.1016/j.ijid.2025.107849,39993523,bedaquiline-safety-qtc; drtb-short-regimen-outcomes; thesis-body,thesis-body,drtb-short-regimen-outcomes,https://pubmed.ncbi.nlm.nih.gov/39993523/
Saukkonen2025UpdatesontheTreatmentofDrug,article,Updates on the Treatment of Drug-Susceptible and Drug-Resistant Tuberculosis: An Official ATS/CDC/ERS/IDSA Clinical Practice Guideline.,2025,Am J Respir Crit Care Med,211,1,15-33,10.1164/rccm.202410-2096ST,40693952,thesis-body; drtb-short-regimen-outcomes,thesis-body,drtb-short-regimen-outcomes,https://pubmed.ncbi.nlm.nih.gov/40693952/
Akinlawon2026Epigeneticmediatorsofdietan,article,Epigenetic mediators of diet and lifestyle and insulin resistance.,2026,Genes Nutr,21,1,2,10.1186/s12263-025-00792-7,41580603,thesis-body; xct-slc7a11-genetics,thesis-body,xct-slc7a11-genetics,https://pubmed.ncbi.nlm.nih.gov/41580603/
GarcíaGarcía2026Rifampicinresistanttuber,article,Rifampicin-resistant tuberculosis in Spain.,2026,ERJ Open Res,12,1,,10.1183/23120541.00941-2025,41736728,thesis-body; drtb-short-regimen-outcomes,thesis-body,drtb-short-regimen-outcomes,https://pubmed.ncbi.nlm.nih.gov/41736728/
Sobol2026Transmissionofbedaquilineresist,article,"Transmission of bedaquiline-resistant Mycobacterium tuberculosis in KwaZulu-Natal, South Africa.",2026,Am J Respir Crit Care Med,212,1,138-147,10.1164/rccm.202506-1489OC,41026808,thesis-body; drtb-short-regimen-outcomes,thesis-body,drtb-short-regimen-outcomes,https://pubmed.ncbi.nlm.nih.gov/41026808/
Wang2013The159CTpolymorphismintheCD14gen,article,The -159C/T polymorphism in the CD14 gene and tuberculosis risk: a meta-analysis.,2013,Int J Med Sci,10,11,1524-9,10.7150/ijms.6376,24046527,thesis-review; host-genetics-precision,thesis-review,host-genetics-precision,https://pubmed.ncbi.nlm.nih.gov/24046527/
Yi2014AmetaanalysisofP2X7gene762TCpolymo,article,A meta-analysis of P2X7 gene-762T/C polymorphism and pulmonary tuberculosis susceptibility.,2014,PLoS One,9,5,e96359,10.1371/journal.pone.0096359,24810548,thesis-review; host-genetics-precision,thesis-review,host-genetics-precision,https://pubmed.ncbi.nlm.nih.gov/24810548/
Rajaram2014Macrophageimmunoregulatorypat,article,Macrophage immunoregulatory pathways in tuberculosis.,2014,Semin Immunol,26,6,471-85,10.1016/j.smim.2014.09.010,25453226,thesis-review; tb-macrophage-immunity,thesis-review,tb-macrophage-immunity,https://pubmed.ncbi.nlm.nih.gov/25453226/
Wallis2015Advancinghostdirectedtherapyfo,article,Advancing host-directed therapy for tuberculosis.,2015,Nat Rev Immunol,15,4,255-63,10.1038/nri3813,25765201,hdt-review; tb-macrophage-immunity; thesis-review,thesis-review,hdt-review,https://pubmed.ncbi.nlm.nih.gov/25765201/
Tobin2015HostDirectedTherapiesforTubercu,article,Host-Directed Therapies for Tuberculosis.,2015,Cold Spring Harb Perspect Med,5,10,,10.1101/cshperspect.a021196,25986592,thesis-review; hdt-review,thesis-review,hdt-review,https://pubmed.ncbi.nlm.nih.gov/25986592/
Zumla2015Inflammationandtuberculosishost,article,Inflammation and tuberculosis: host-directed therapies.,2015,J Intern Med,277,4,373-87,10.1111/joim.12256,24717092,thesis-review; hdt-review,thesis-review,hdt-review,https://pubmed.ncbi.nlm.nih.gov/24717092/
Sun2015VitaminDreceptorFokIgenepolymorph,article,Vitamin D receptor FokI gene polymorphism and tuberculosis susceptibility: a meta-analysis.,2015,Genet Mol Res,14,2,6156-63,10.4238/2015.June.9.1,26125816,thesis-review; host-genetics-precision,thesis-review,host-genetics-precision,https://pubmed.ncbi.nlm.nih.gov/26125816/
Ge2016AmetaanalysisofP2X7gene1513ACpolym,article,A meta-analysis of P2X7 gene-1513A/C polymorphism and pulmonary tuberculosis susceptibility.,2016,Hum Immunol,77,1,126-130,10.1016/j.humimm.2015.11.009,26585364,thesis-review; host-genetics-precision,thesis-review,host-genetics-precision,https://pubmed.ncbi.nlm.nih.gov/26585364/
Wang2017AssociationbetweentheIL6genepoly,article,Association between the IL-6 gene polymorphism and tuberculosis risk: a meta-analysis.,2017,Infect Drug Resist,10,,445-454,10.2147/IDR.S144296,29225476,thesis-review; host-genetics-precision,thesis-review,host-genetics-precision,https://pubmed.ncbi.nlm.nih.gov/29225476/
Apt2017Hostgeneticsinsusceptibilitytoand,article,Host genetics in susceptibility to and severity of mycobacterial diseases.,2017,Tuberculosis (Edinb),106,,1-8,10.1016/j.tube.2017.05.004,28802396,thesis-review; host-genetics-precision,thesis-review,host-genetics-precision,https://pubmed.ncbi.nlm.nih.gov/28802396/
Kolloli2017HostDirectedTherapeuticStrate,article,Host-Directed Therapeutic Strategies for Tuberculosis.,2017,Front Med (Lausanne),4,,171,10.3389/fmed.2017.00171,29094039,thesis-review; hdt-review,thesis-review,hdt-review,https://pubmed.ncbi.nlm.nih.gov/29094039/
Kinnear2017Theroleofhumanhostgeneticsint,article,The role of human host genetics in tuberculosis resistance.,2017,Expert Rev Respir Med,11,9,721-737,10.1080/17476348.2017.1354700,28703045,thesis-review; host-genetics-precision,thesis-review,host-genetics-precision,https://pubmed.ncbi.nlm.nih.gov/28703045/
Koppula2018AminoacidtransporterSLC7A11xC,article,Amino acid transporter SLC7A11/xCT at the crossroads of regulating redox homeostasis and nutrient dependency of cancer.,2018,Cancer Commun (Lond),38,1,12,10.1186/s40880-018-0288-x,29764521,thesis-review; sasp-xct-mechanism,thesis-review,sasp-xct-mechanism,https://pubmed.ncbi.nlm.nih.gov/29764521/
Racanelli2018Autophagyandinflammationinc,article,Autophagy and inflammation in chronic respiratory disease.,2018,Autophagy,14,2,221-232,10.1080/15548627.2017.1389823,29130366,thesis-review; tb-macrophage-immunity,thesis-review,tb-macrophage-immunity,https://pubmed.ncbi.nlm.nih.gov/29130366/
Kaufmann2018Hostdirectedtherapiesforbact,article,Host-directed therapies for bacterial and viral infections.,2018,Nat Rev Drug Discov,17,1,35-56,10.1038/nrd.2017.162,28935918,thesis-review; hdt-review,thesis-review,hdt-review,https://pubmed.ncbi.nlm.nih.gov/28935918/
Foss2018ImagingMacrophageassociatedInfla,article,Imaging Macrophage-associated Inflammation.,2018,Semin Nucl Med,48,3,242-245,10.1053/j.semnuclmed.2017.12.002,29626941,thesis-review; tb-macrophage-immunity,thesis-review,tb-macrophage-immunity,https://pubmed.ncbi.nlm.nih.gov/29626941/
Harishankar2018InfluenceofGeneticPolymor,article,Influence of Genetic Polymorphism Towards Pulmonary Tuberculosis Susceptibility.,2018,Front Med (Lausanne),5,,213,10.3389/fmed.2018.00213,30167433,thesis-review; host-genetics-precision,thesis-review,host-genetics-precision,https://pubmed.ncbi.nlm.nih.gov/30167433/
Marakalala2018MacrophageHeterogeneityint,article,Macrophage Heterogeneity in the Immunopathogenesis of Tuberculosis.,2018,Front Microbiol,9,,1028,10.3389/fmicb.2018.01028,29875747,thesis-review; tb-macrophage-immunity,thesis-review,tb-macrophage-immunity,https://pubmed.ncbi.nlm.nih.gov/29875747/
Daley2018ManagementofMultidrugResistantT,article,Management of Multidrug-Resistant Tuberculosis.,2018,Semin Respir Crit Care Med,39,3,310-324,10.1055/s-0038-1661383,30071546,thesis-review; global-burden-guidelines,thesis-review,global-burden-guidelines,https://pubmed.ncbi.nlm.nih.gov/30071546/
Namasivayam2018TheMicrobiomeandTuberculo,article,The Microbiome and Tuberculosis: Early Evidence for Cross Talk.,2018,mBio,9,5,,10.1128/mBio.01420-18,30228238,thesis-review; host-genetics-precision,thesis-review,host-genetics-precision,https://pubmed.ncbi.nlm.nih.gov/30228238/
Amaral2019AmajorroleforferroptosisinMyco,article,A major role for ferroptosis in Mycobacterium tuberculosis-induced cell death and tissue necrosis.,2019,J Exp Med,216,3,556-570,10.1084/jem.20181776,30787033,thesis-review; tb-macrophage-immunity,thesis-review,tb-macrophage-immunity,https://pubmed.ncbi.nlm.nih.gov/30787033/
Aravindan2019Hostgeneticsandtuberculosis,article,Host genetics and tuberculosis: Theory of genetic polymorphism and tuberculosis.,2019,Lung India,36,3,244-252,10.4103/lungindia.lungindia_146_15,31031349,thesis-review; host-genetics-precision,thesis-review,host-genetics-precision,https://pubmed.ncbi.nlm.nih.gov/31031349/
Kaul2019Managementofmultidrugresistanttu,article,Management of multidrug-resistant tuberculosis in the 21st century.,2019,Drugs Today (Barc),55,3,215-224,10.1358/dot.2019.55.3.2927587,30938375,thesis-review; global-burden-guidelines,thesis-review,global-burden-guidelines,https://pubmed.ncbi.nlm.nih.gov/30938375/
Roca2019TNFInducesPathogenicProgrammedMa,article,TNF Induces Pathogenic Programmed Macrophage Necrosis in Tuberculosis through a Mitochondrial-Lysosomal-Endoplasmic Reticulum Circuit.,2019,Cell,178,6,1344-1361.e11,10.1016/j.cell.2019.08.004,31474371,thesis-review; tb-macrophage-immunity,thesis-review,tb-macrophage-immunity,https://pubmed.ncbi.nlm.nih.gov/31474371/
Hu2020Associationbetweeninterleukin8251A,article,Association between interleukin-8 -251A/T polymorphism and the risk of tuberculosis: A meta-analysis.,2020,J Int Med Res,48,5,300060520917877,10.1177/0300060520917877,32393145,thesis-review; host-genetics-precision,thesis-review,host-genetics-precision,https://pubmed.ncbi.nlm.nih.gov/32393145/
Jin2020AssociationbetweenTLR2Arg677Trppo,article,Association between TLR2 Arg677Trp polymorphism and tuberculosis susceptibility: A meta-analysis.,2020,Microb Pathog,144,,104173,10.1016/j.micpath.2020.104173,32224213,thesis-review; host-genetics-precision,thesis-review,host-genetics-precision,https://pubmed.ncbi.nlm.nih.gov/32224213/
Hortle2020Hostdirectedtherapiestargeting,article,Host-directed therapies targeting the tuberculosis granuloma stroma.,2020,Pathog Dis,78,2,,10.1093/femspd/ftaa015,32149337,thesis-review; hdt-review,thesis-review,hdt-review,https://pubmed.ncbi.nlm.nih.gov/32149337/
Hu2020SuppressionoftheSLC7A11glutathione,article,Suppression of the SLC7A11/glutathione axis causes synthetic lethality in KRAS-mutant lung adenocarcinoma.,2020,J Clin Invest,130,4,1752-1766,10.1172/JCI124049,31874110,thesis-review; sasp-xct-mechanism,thesis-review,sasp-xct-mechanism,https://pubmed.ncbi.nlm.nih.gov/31874110/
Dian2021Centralnervoussystemtuberculosis,article,Central nervous system tuberculosis.,2021,Curr Opin Neurol,34,3,396-402,10.1097/WCO.0000000000000920,33661159,thesis-review; hdt-review,thesis-review,hdt-review,https://pubmed.ncbi.nlm.nih.gov/33661159/
Khawbung2021DrugresistantTuberculosisAre,article,Drug resistant Tuberculosis: A review.,2021,Comp Immunol Microbiol Infect Dis,74,,101574,10.1016/j.cimid.2020.101574,33249329,thesis-review; global-burden-guidelines,thesis-review,global-burden-guidelines,https://pubmed.ncbi.nlm.nih.gov/33249329/
Swain2021DrugleadAntituberculosisPhytoch,article,Drug-lead Anti-tuberculosis Phytochemicals: A Systematic Review.,2021,Curr Top Med Chem,21,20,1832-1868,10.2174/1568026621666210705170510,34225624,thesis-review; global-burden-guidelines,thesis-review,global-burden-guidelines,https://pubmed.ncbi.nlm.nih.gov/34225624/
Costa2021EditorialHostDirectedTherapiesf,article,Editorial: Host-Directed Therapies for Tuberculosis.,2021,Front Cell Infect Microbiol,11,,742053,10.3389/fcimb.2021.742053,34422685,thesis-review; hdt-review,thesis-review,hdt-review,https://pubmed.ncbi.nlm.nih.gov/34422685/
Jagannath2021EditorialTheAutophagyPathwa,article,Editorial: The Autophagy Pathway: Bacterial Pathogen Immunity and Evasion.,2021,Front Immunol,12,,768935,10.3389/fimmu.2021.768935,34650572,thesis-review; hdt-review,thesis-review,hdt-review,https://pubmed.ncbi.nlm.nih.gov/34650572/
Sultana2021HIVinfectionandmultidrugresis,article,HIV infection and multidrug resistant tuberculosis: a systematic review and meta-analysis.,2021,BMC Infect Dis,21,1,51,10.1186/s12879-020-05749-2,33430786,thesis-review; global-burden-guidelines,thesis-review,global-burden-guidelines,https://pubmed.ncbi.nlm.nih.gov/33430786/
CamineroLuna2021Multidrugresistanttuberc,article,"Multi-drug resistant tuberculosis, ten years later.",2021,Med Clin (Barc),156,8,393-401,10.1016/j.medcli.2020.08.018,33531151,thesis-review; global-burden-guidelines,thesis-review,global-burden-guidelines,https://pubmed.ncbi.nlm.nih.gov/33531151/
RaveslootChávez2021TheInnateImmuneRespon,article,The Innate Immune Response to Mycobacterium tuberculosis Infection.,2021,Annu Rev Immunol,39,,611-637,10.1146/annurev-immunol-093019-010426,33637017,thesis-review; tb-macrophage-immunity,thesis-review,tb-macrophage-immunity,https://pubmed.ncbi.nlm.nih.gov/33637017/
Orazulike2021TuberculosisTBinpregnancyAr,article,Tuberculosis (TB) in pregnancy - A review.,2021,Eur J Obstet Gynecol Reprod Biol,259,,167-177,10.1016/j.ejogrb.2021.02.016,33684671,thesis-review; global-burden-guidelines,thesis-review,global-burden-guidelines,https://pubmed.ncbi.nlm.nih.gov/33684671/
Borah2021TuberculosisAnUpdateonPathophys,article,"Tuberculosis: An Update on Pathophysiology, Molecular Mechanisms of Drug Resistance, Newer Anti-TB Drugs, Treatment Regimens and Host- Directed Therapies.",2021,Curr Top Med Chem,21,6,547-570,10.2174/1568026621999201211200447,33319660,thesis-review; hdt-review,thesis-review,hdt-review,https://pubmed.ncbi.nlm.nih.gov/33319660/
Tiberi2022DrugresistantTBlatestdevelopme,article,"Drug resistant TB - latest developments in epidemiology, diagnostics and management.",2022,Int J Infect Dis,124 Suppl 1,,S20-S25,10.1016/j.ijid.2022.03.026,35342000,bedaquiline-safety-qtc; global-burden-guidelines; thesis-body; thesis-review,thesis-review,global-burden-guidelines,https://pubmed.ncbi.nlm.nih.gov/35342000/
Amaral2022GPX4regulatescellularnecrosisa,article,GPX4 regulates cellular necrosis and host resistance in Mycobacterium tuberculosis infection.,2022,J Exp Med,219,11,,10.1084/jem.20220504,36069923,thesis-review; hdt-review,thesis-review,hdt-review,https://pubmed.ncbi.nlm.nih.gov/36069923/
Jeong2022HostDirectedTherapiesforTubercu,article,Host-Directed Therapies for Tuberculosis.,2022,Pathogens,11,11,,10.3390/pathogens11111291,36365041,thesis-review; hdt-review,thesis-review,hdt-review,https://pubmed.ncbi.nlm.nih.gov/36365041/
Smith2022Hostpathogengeneticinteractions,article,Host-pathogen genetic interactions underlie tuberculosis susceptibility in genetically diverse mice.,2022,Elife,11,,,10.7554/eLife.74419,35112666,thesis-review; host-genetics-precision,thesis-review,host-genetics-precision,https://pubmed.ncbi.nlm.nih.gov/35112666/
Chen2022Ifnargenevariantsinfluencegutmic,article,Ifnar gene variants influence gut microbial production of palmitoleic acid and host immune responses to tuberculosis.,2022,Nat Metab,4,3,359-373,10.1038/s42255-022-00547-3,35288721,thesis-review; host-genetics-precision,thesis-review,host-genetics-precision,https://pubmed.ncbi.nlm.nih.gov/35288721/
ElMasry2022Pulmonarytuberculosissuscepti,article,Pulmonary tuberculosis susceptibility and association with Toll-Like receptor 2 Arg753Gln polymorphism.,2022,J Infect Dev Ctries,16,1,125-133,10.3855/jidc.14885,35192530,thesis-review; host-genetics-precision,thesis-review,host-genetics-precision,https://pubmed.ncbi.nlm.nih.gov/35192530/
Maschalidi2022TargetingSLC7A11improvesef,article,Targeting SLC7A11 improves efferocytosis by dendritic cells and wound healing in diabetes.,2022,Nature,606,7915,776-784,10.1038/s41586-022-04754-6,35614212,thesis-review; sasp-xct-mechanism,thesis-review,sasp-xct-mechanism,https://pubmed.ncbi.nlm.nih.gov/35614212/
Kumar2022Tuberculosisofthespineanddrugre,article,Tuberculosis of the spine and drug resistance: a review article.,2022,Neurosurg Rev,45,1,217-229,10.1007/s10143-021-01595-1,34176000,thesis-review; global-burden-guidelines,thesis-review,global-burden-guidelines,https://pubmed.ncbi.nlm.nih.gov/34176000/
Brehm2023Treatmentoftuberculosiswhatisne,article,[Treatment of tuberculosis: what is new?].,2023,Inn Med (Heidelb),64,7,701-707,10.1007/s00108-023-01523-z,37316702,thesis-review; global-burden-guidelines,thesis-review,global-burden-guidelines,https://pubmed.ncbi.nlm.nih.gov/37316702/
He2023ATF4suppresseshepatocarcinogenesis,article,ATF4 suppresses hepatocarcinogenesis by inducing SLC7A11 (xCT) to block stress-related ferroptosis.,2023,J Hepatol,79,2,362-377,10.1016/j.jhep.2023.03.016,36996941,thesis-review; sasp-xct-mechanism,thesis-review,sasp-xct-mechanism,https://pubmed.ncbi.nlm.nih.gov/36996941/
Singh2023BedaquilineinDrugResistantTuber,article,Bedaquiline in Drug-Resistant Tuberculosis: A Mini-Review.,2023,Curr Mol Pharmacol,16,3,243-253,10.2174/1874467215666220421130707,36919348,thesis-review; global-burden-guidelines,thesis-review,global-burden-guidelines,https://pubmed.ncbi.nlm.nih.gov/36919348/
Bao2023Cigarettetarmediatesmacrophagefer,article,Cigarette tar mediates macrophage ferroptosis in atherosclerosis through the hepcidin/FPN/SLC7A11 signaling pathway.,2023,Free Radic Biol Med,201,,76-88,10.1016/j.freeradbiomed.2023.03.006,36933812,thesis-review; sasp-xct-mechanism,thesis-review,sasp-xct-mechanism,https://pubmed.ncbi.nlm.nih.gov/36933812/
Typiak2023ComparativeAnalysisofFCGRGeneP,article,Comparative Analysis of FCGR Gene Polymorphism in Pulmonary Sarcoidosis and Tuberculosis.,2023,Cells,12,9,,10.3390/cells12091221,37174624,thesis-review; host-genetics-precision,thesis-review,host-genetics-precision,https://pubmed.ncbi.nlm.nih.gov/37174624/
Udinia2023Hostdirectedtherapyagainsttube,article,Host-directed therapy against tuberculosis: Concept and recent developments.,2023,J Biosci,48,,,,38088376,thesis-review; hdt-review,thesis-review,hdt-review,https://pubmed.ncbi.nlm.nih.gov/38088376/
Krishnan2023Mycobacteriumtuberculosisand,article,Mycobacterium tuberculosis and its clever approaches to escape the deadly macrophage.,2023,World J Microbiol Biotechnol,39,11,300,10.1007/s11274-023-03735-9,37667129,thesis-review; tb-macrophage-immunity,thesis-review,tb-macrophage-immunity,https://pubmed.ncbi.nlm.nih.gov/37667129/
Dai2023Mycobacteriumtuberculosishijacksh,article,Mycobacterium tuberculosis hijacks host TRIM21- and NCOA4-dependent ferritinophagy to enhance intracellular growth.,2023,J Clin Invest,133,8,,10.1172/JCI159941,37066876,thesis-review; hdt-review,thesis-review,hdt-review,https://pubmed.ncbi.nlm.nih.gov/37066876/
Yang2023MycobacteriumtuberculosisPathoge,article,Mycobacterium tuberculosis: Pathogenesis and therapeutic targets.,2023,MedComm (2020),4,5,e353,10.1002/mco2.353,37674971,thesis-review; hdt-review,thesis-review,hdt-review,https://pubmed.ncbi.nlm.nih.gov/37674971/
Ivanova2023Posttuberculosislungimpairmen,article,Post-tuberculosis lung impairment: systematic review and meta-analysis of spirometry data from 14 621 people.,2023,Eur Respir Rev,32,168,,10.1183/16000617.0221-2022,37076175,thesis-review; global-burden-guidelines,thesis-review,global-burden-guidelines,https://pubmed.ncbi.nlm.nih.gov/37076175/
Yan2023SLC7A11expressionleveldictatesdif,article,SLC7A11 expression level dictates differential responses to oxidative stress in cancer cells.,2023,Nat Commun,14,1,3673,10.1038/s41467-023-39401-9,37339981,thesis-review; sasp-xct-mechanism,thesis-review,sasp-xct-mechanism,https://pubmed.ncbi.nlm.nih.gov/37339981/
Takeda2023Sulfurmetabolicresponseinmacro,article,Sulfur metabolic response in macrophage limits excessive inflammatory response by creating a negative feedback loop.,2023,Redox Biol,65,,102834,10.1016/j.redox.2023.102834,37536084,thesis-review; sasp-xct-mechanism,thesis-review,sasp-xct-mechanism,https://pubmed.ncbi.nlm.nih.gov/37536084/
Tang2023TargetedxCTmediatedFerroptosisan,article,Targeted xCT-mediated Ferroptosis and Protumoral Polarization of Macrophages Is Effective against HCC and Enhances the Efficacy of the Anti-PD-1/L1 Response.,2023,Adv Sci (Weinh),10,2,e2203973,10.1002/advs.202203973,36442849,thesis-review; sasp-xct-mechanism,thesis-review,sasp-xct-mechanism,https://pubmed.ncbi.nlm.nih.gov/36442849/
NdongSima2023Theimmunogeneticsoftubercul,article,The immunogenetics of tuberculosis (TB) susceptibility.,2023,Immunogenetics,75,3,215-230,10.1007/s00251-022-01290-5,36512056,thesis-review; host-genetics-precision,thesis-review,host-genetics-precision,https://pubmed.ncbi.nlm.nih.gov/36512056/
Kreß2023Theintegratedstressresponseeffec,article,The integrated stress response effector ATF4 is an obligatory metabolic activator of NRF2.,2023,Cell Rep,42,7,112724,10.1016/j.celrep.2023.112724,37410595,thesis-review; sasp-xct-mechanism,thesis-review,sasp-xct-mechanism,https://pubmed.ncbi.nlm.nih.gov/37410595/
Vanino2023Updateofdrugresistanttuberculo,article,Update of drug-resistant tuberculosis treatment guidelines: A turning point.,2023,Int J Infect Dis,130 Suppl 1,,S12-S15,10.1016/j.ijid.2023.03.013,36918080,thesis-review; global-burden-guidelines,thesis-review,global-burden-guidelines,https://pubmed.ncbi.nlm.nih.gov/36918080/
Lai2023UridineAlleviatesSepsisInducedAcu,article,Uridine Alleviates Sepsis-Induced Acute Lung Injury by Inhibiting Ferroptosis of Macrophage.,2023,Int J Mol Sci,24,6,,10.3390/ijms24065093,36982166,thesis-review; sasp-xct-mechanism,thesis-review,sasp-xct-mechanism,https://pubmed.ncbi.nlm.nih.gov/36982166/
Yang2024AberrantExpressionofSLC7A11Impai,article,Aberrant Expression of SLC7A11 Impairs the Antimicrobial Activities of Macrophages in Staphylococcus Aureus Osteomyelitis in Mice.,2024,Int J Biol Sci,20,7,2555-2575,10.7150/ijbs.93592,38725861,thesis-review; sasp-xct-mechanism,thesis-review,sasp-xct-mechanism,https://pubmed.ncbi.nlm.nih.gov/38725861/
Liu2024Disulfidptosisdisulfidestressindu,article,Disulfidptosis: disulfide stress-induced cell death.,2024,Trends Cell Biol,34,4,327-337,10.1016/j.tcb.2023.07.009,37574347,thesis-review; sasp-xct-mechanism,thesis-review,sasp-xct-mechanism,https://pubmed.ncbi.nlm.nih.gov/37574347/
vanWyk2024DrugResistantTuberculosisCaseF,article,Drug-Resistant Tuberculosis Case-Finding Strategies: Scoping Review.,2024,JMIR Public Health Surveill,10,,e46137,10.2196/46137,38924777,thesis-review; global-burden-guidelines,thesis-review,global-burden-guidelines,https://pubmed.ncbi.nlm.nih.gov/38924777/
PecchilloCimmino2024FormylPeptideRecepto,article,Formyl-Peptide Receptor 2 Signaling Modulates SLC7A11/xCT Expression and Activity in Tumor Cells.,2024,Antioxidants (Basel),13,5,,10.3390/antiox13050552,38790657,thesis-review; sasp-xct-mechanism,thesis-review,sasp-xct-mechanism,https://pubmed.ncbi.nlm.nih.gov/38790657/
Dewan2024Intracellularperoxynitritepertu,article,"Intracellular peroxynitrite perturbs redox balance, bioenergetics, and Fe-S cluster homeostasis in Mycobacterium tuberculosis.",2024,Redox Biol,75,,103285,10.1016/j.redox.2024.103285,39128229,thesis-review; tb-macrophage-immunity,thesis-review,tb-macrophage-immunity,https://pubmed.ncbi.nlm.nih.gov/39128229/
Pi2024Macrophagetargetedgrapheneoxidenan,article,Macrophage targeted graphene oxide nanosystem synergize antibiotic killing and host immune defense for Tuberculosis Therapy.,2024,Pharmacol Res,208,,107379,10.1016/j.phrs.2024.107379,39218421,thesis-review; tb-macrophage-immunity,thesis-review,tb-macrophage-immunity,https://pubmed.ncbi.nlm.nih.gov/39218421/
Luo2024MCLattenuatesatherosclerosisbysup,article,MCL attenuates atherosclerosis by suppressing macrophage ferroptosis via targeting KEAP1/NRF2 interaction.,2024,Redox Biol,69,,102987,10.1016/j.redox.2023.102987,38100883,thesis-review; sasp-xct-mechanism,thesis-review,sasp-xct-mechanism,https://pubmed.ncbi.nlm.nih.gov/38100883/
Nakamizo2024Metabolicreprogrammingandmac,article,Metabolic reprogramming and macrophage polarization in granuloma formation.,2024,Int Immunol,36,7,329-338,10.1093/intimm/dxae013,38441292,thesis-review; tb-macrophage-immunity,thesis-review,tb-macrophage-immunity,https://pubmed.ncbi.nlm.nih.gov/38441292/
Dheda2024Multidrugresistanttuberculosis,article,Multidrug-resistant tuberculosis.,2024,Nat Rev Dis Primers,10,1,22,10.1038/s41572-024-00504-2,38523140,thesis-review; global-burden-guidelines,thesis-review,global-burden-guidelines,https://pubmed.ncbi.nlm.nih.gov/38523140/
Wulandari2024Multidrugresistanttuberculo,article,Multidrug-resistant tuberculosis.,2024,Clin Chim Acta,559,,119701,10.1016/j.cca.2024.119701,38697459,thesis-review; global-burden-guidelines,thesis-review,global-burden-guidelines,https://pubmed.ncbi.nlm.nih.gov/38697459/
Liu2024Nanomaterialmediatedhostdirectedt,article,Nanomaterial-mediated host directed therapy of tuberculosis by manipulating macrophage autophagy.,2024,J Nanobiotechnology,22,1,608,10.1186/s12951-024-02875-w,39379986,thesis-review; hdt-review,thesis-review,hdt-review,https://pubmed.ncbi.nlm.nih.gov/39379986/
Wang2024Naturalhydrogengasandengineeredm,article,Natural hydrogen gas and engineered microalgae prevent acute lung injury in sepsis.,2024,Mater Today Bio,28,,101247,10.1016/j.mtbio.2024.101247,39328786,thesis-review; sasp-xct-mechanism,thesis-review,sasp-xct-mechanism,https://pubmed.ncbi.nlm.nih.gov/39328786/
Huang2024Naturalproductsinantituberculos,article,Natural products in anti-tuberculosis host-directed therapy.,2024,Biomed Pharmacother,171,,116087,10.1016/j.biopha.2023.116087,38171242,thesis-review; hdt-review,thesis-review,hdt-review,https://pubmed.ncbi.nlm.nih.gov/38171242/
Li2024Photothermaltherapyoftuberculosisu,article,Photothermal therapy of tuberculosis using targeting pre-activated macrophage membrane-coated nanoparticles.,2024,Nat Nanotechnol,19,6,834-845,10.1038/s41565-024-01618-0,38383890,thesis-review; tb-macrophage-immunity,thesis-review,tb-macrophage-immunity,https://pubmed.ncbi.nlm.nih.gov/38383890/
Yerezhepov2024Pulmonarytuberculosisepide,article,Pulmonary tuberculosis epidemiology and genetics in Kazakhstan.,2024,Front Public Health,12,,1340673,10.3389/fpubh.2024.1340673,38706548,thesis-review; host-genetics-precision,thesis-review,host-genetics-precision,https://pubmed.ncbi.nlm.nih.gov/38706548/
Fantone2024RoleofSLC7A11xCTinOvarianCanc,article,Role of SLC7A11/xCT in Ovarian Cancer.,2024,Int J Mol Sci,25,1,,10.3390/ijms25010587,38203758,thesis-review; sasp-xct-mechanism,thesis-review,sasp-xct-mechanism,https://pubmed.ncbi.nlm.nih.gov/38203758/
Lv2024SLC7A11ROSαKGAMPKaxisregulateslive,article,SLC7A11-ROS/αKG-AMPK axis regulates liver inflammation through mitophagy and impairs liver fibrosis and NASH progression.,2024,Redox Biol,72,,103159,10.1016/j.redox.2024.103159,38642501,thesis-review; sasp-xct-mechanism,thesis-review,sasp-xct-mechanism,https://pubmed.ncbi.nlm.nih.gov/38642501/
Xu2024Themechanismsofferroptosisanditsro,article,The mechanisms of ferroptosis and its role in atherosclerosis.,2024,Biomed Pharmacother,171,,116112,10.1016/j.biopha.2023.116112,38171246,thesis-review; sasp-xct-mechanism,thesis-review,sasp-xct-mechanism,https://pubmed.ncbi.nlm.nih.gov/38171246/
Venkatasubramanian2024TOLLIPinhibitslipi,article,TOLLIP inhibits lipid accumulation and the integrated stress response in alveolar macrophages to control Mycobacterium tuberculosis infection.,2024,Nat Microbiol,9,4,949-963,10.1038/s41564-024-01641-w,38528148,thesis-review; tb-macrophage-immunity,thesis-review,tb-macrophage-immunity,https://pubmed.ncbi.nlm.nih.gov/38528148/
Arias2024Tuberculosisinotherwisehealthya,article,Tuberculosis in otherwise healthy adults with inherited TNF deficiency.,2024,Nature,633,8029,417-425,10.1038/s41586-024-07866-3,39198650,thesis-review; tb-macrophage-immunity,thesis-review,tb-macrophage-immunity,https://pubmed.ncbi.nlm.nih.gov/39198650/
Salti2024WidespreadSpersulfidationinacti,article,Widespread S-persulfidation in activated macrophages as a protective mechanism against oxidative-inflammatory stress.,2024,Redox Biol,72,,103125,10.1016/j.redox.2024.103125,38574432,thesis-review; sasp-xct-mechanism,thesis-review,sasp-xct-mechanism,https://pubmed.ncbi.nlm.nih.gov/38574432/
Grosjean2025Anisletresidentmacrophageant,article,An islet-resident macrophage antioxidant program preserves β cell physiology.,2025,Sci Immunol,10,113,eadz5181,10.1126/sciimmunol.adz5181,41237222,thesis-review; sasp-xct-mechanism,thesis-review,sasp-xct-mechanism,https://pubmed.ncbi.nlm.nih.gov/41237222/
Silva2025Bedaquilinepretomanidlinezolida,article,"Bedaquiline, pretomanid, linezolid, and moxifloxacin (BPaLM) for multidrug- or rifampin-resistant tuberculosis: a systematic review.",2025,J Bras Pneumol,50,6,e20240295,10.36416/1806-3756/e20240295,39813501,bedaquiline-safety-qtc; global-burden-guidelines; linezolid-toxicity; thesis-body; thesis-review,thesis-review,global-burden-guidelines,https://pubmed.ncbi.nlm.nih.gov/39813501/
Yadav2025Bioenergeticreprogrammingofmacr,article,Bioenergetic reprogramming of macrophages reduces drug tolerance in Mycobacterium tuberculosis.,2025,Nat Commun,16,1,9370,10.1038/s41467-025-64407-w,41130947,thesis-review; tb-macrophage-immunity,thesis-review,tb-macrophage-immunity,https://pubmed.ncbi.nlm.nih.gov/41130947/
Liao2025cGASmediatedantibacterialimmunot,article,cGAS-mediated antibacterial immunotherapy against tuberculosis by macrophage-targeted manganese dioxide nanoagonist.,2025,Acta Biomater,196,,471-486,10.1016/j.actbio.2025.03.002,40044101,thesis-review; tb-macrophage-immunity,thesis-review,tb-macrophage-immunity,https://pubmed.ncbi.nlm.nih.gov/40044101/
Qin2025Enhancedglycolysisderivedlactatep,article,Enhanced glycolysis-derived lactate promotes microglial activation in Parkinson's disease via histone lactylation.,2025,NPJ Parkinsons Dis,11,1,3,10.1038/s41531-024-00858-0,39753581,thesis-review; sasp-xct-mechanism,thesis-review,sasp-xct-mechanism,https://pubmed.ncbi.nlm.nih.gov/39753581/
Lin2025ExosomalCagAinducesmacrophagepola,article,Exosomal CagA induces macrophage polarization and ferroptosis by JAK1-2/STAT1 signaling pathway in Helicobacter pylori-associated gastritis.,2025,Free Radic Biol Med,239,,91-103,10.1016/j.freeradbiomed.2025.07.031,40706822,thesis-review; sasp-xct-mechanism,thesis-review,sasp-xct-mechanism,https://pubmed.ncbi.nlm.nih.gov/40706822/
WHO2025GlobalTB,report,Global tuberculosis report 2025,2025,,,,,,,thesis-review; guideline; global-burden,thesis-review,manual,https://www.who.int/publications/i/item/9789240116924
Tian2025Hostdirectedtherapyfortuberculos,article,Host-directed therapy for tuberculosis.,2025,Eur J Med Res,30,1,267,10.1186/s40001-025-02443-4,40211397,thesis-review; hdt-review,thesis-review,hdt-review,https://pubmed.ncbi.nlm.nih.gov/40211397/
Simwela2025Impairedfattyacidimportorcata,article,Impaired fatty acid import or catabolism in macrophages restricts intracellular growth of Mycobacterium tuberculosis.,2025,Elife,13,,,10.7554/eLife.102980,40080408,thesis-review; tb-macrophage-immunity,thesis-review,tb-macrophage-immunity,https://pubmed.ncbi.nlm.nih.gov/40080408/
KrishnaPrasad2025MacrophageTcellinteract,article,Macrophage-T cell interactions promote SLAMF1 expression for enhanced TB defense.,2025,Nat Commun,16,1,6794,10.1038/s41467-025-61826-7,40701970,thesis-review; tb-macrophage-immunity,thesis-review,tb-macrophage-immunity,https://pubmed.ncbi.nlm.nih.gov/40701970/
Singh2025Preventionoftuberculosisincynom,article,Prevention of tuberculosis in cynomolgus macaques by an attenuated Mycobacterium tuberculosis vaccine candidate.,2025,Nat Commun,16,1,1957,10.1038/s41467-025-57090-4,40000643,thesis-review; tb-macrophage-immunity,thesis-review,tb-macrophage-immunity,https://pubmed.ncbi.nlm.nih.gov/40000643/
Su2025RegulationofSLC7A11asanunconventio,article,Regulation of SLC7A11 as an unconventional checkpoint in tumorigenesis through ferroptosis.,2025,Genes Dis,12,1,101254,10.1016/j.gendis.2024.101254,39569390,thesis-review; sasp-xct-mechanism,thesis-review,sasp-xct-mechanism,https://pubmed.ncbi.nlm.nih.gov/39569390/
Graziani2025SLC7A11protectsamoeboiddisse,article,SLC7A11 protects amoeboid-disseminating cancer cells from oxidative stress.,2025,Cell Rep,44,7,115939,10.1016/j.celrep.2025.115939,40651476,thesis-review; sasp-xct-mechanism,thesis-review,sasp-xct-mechanism,https://pubmed.ncbi.nlm.nih.gov/40651476/
WHO2025Module4Guideline,report,WHO consolidated guidelines on tuberculosis: module 4: treatment and care,2025,,,,,,,drug-resistant-tb; guideline; thesis-body; thesis-review,thesis-review,manual,https://www.who.int/publications/i/item/9789240107243
WHO2025Module4Handbook,report,WHO operational handbook on tuberculosis: module 4: treatment and care,2025,,,,,,,guideline; operational-handbook; thesis-body; thesis-review,thesis-review,manual,https://iris.who.int/bitstream/handle/10665/381095/9789240108141-eng.pdf
