record_id,domain,source,title,year,screening_stage,decision,primary_reason,secondary_reason,reviewer_1,reviewer_2,adjudicator,notes
PUBMED-0001,??/??,PubMed,Risk factors for complications after complete debridement in patients with thoracolumbar spinal tuberculosis: A retrospective study.,2026,??????,??????,符合首轮筛选,,Codex,???,,https://pubmed.ncbi.nlm.nih.gov/41790653/
PUBMED-0002,??/????,PubMed,Value of Intraoperative Neuromonitoring in Spinal Tuberculosis Surgery: A Case Report of Neurological Compromise with Normal Imaging.,2026,??????,??????,病例报告,,Codex,???,,https://pubmed.ncbi.nlm.nih.gov/41782604/
PUBMED-0003,??/??,PubMed,Determinants of surgical outcome in spinal tuberculosis: A retrospective analysis of 84 patients.,2026,??????,??????,符合首轮筛选,,Codex,???,,https://pubmed.ncbi.nlm.nih.gov/41717299/
PUBMED-0004,??/????,PubMed,Senile thoracolumbar tuberculosis with kyphosis and severe osteoporosis treated with polymethylmethacrylate-augmented screw fixation.,2025,??????,??????,病例报告,,Codex,???,,https://pubmed.ncbi.nlm.nih.gov/41625094/
PUBMED-0005,??/??,PubMed,Posterior Decompression and Stabilization in Thoracic and Lumbar Spinal Tuberculosis: A Prospective Observational Study.,2025,??????,??????,符合首轮筛选,,Codex,???,,https://pubmed.ncbi.nlm.nih.gov/41281840/
PUBMED-0006,??/??,PubMed,"Letter to editor: Feedback on ""comprehensive spinal tuberculosis score: clinical guide for the management of thoracolumbar spinal tuberculosis"".",2025,??????,??????,来信/评论,,Codex,???,,https://pubmed.ncbi.nlm.nih.gov/41189375/
PUBMED-0007,??/????,PubMed,Application of Cortical Bone Trajectory Screw for Treating Thoracolumbar and Lumbar Tuberculosis.,2025,??????,??????,符合首轮筛选,,Codex,???,,https://pubmed.ncbi.nlm.nih.gov/41115135/
PUBMED-0008,??/??,PubMed,One-stage posterior surgical treatment of the rare thoracolumbar spine process and laminar nucleus with incomplete paralysis: a retrospective study.,2025,??????,??????,符合首轮筛选,,Codex,???,,https://pubmed.ncbi.nlm.nih.gov/41044564/
PUBMED-0009,??/????,PubMed,Tuberculous spondylodiscitis with atypical presentation: A diagnostic challenge: Case report and review of literature.,2025,??????,??????,病例报告,,Codex,???,,https://pubmed.ncbi.nlm.nih.gov/40934036/
PUBMED-0010,??/????,PubMed,Pott's disease: A case of multilevel vertebral tuberculosis with spinal deformity.,2025,??????,??????,病例报告,,Codex,???,,https://pubmed.ncbi.nlm.nih.gov/40791959/
PUBMED-0011,??/??,PubMed,Letter to the Editor: Comprehensive spinal tuberculosis score: a clinical guide for the management of thoracolumbar spinal tuberculosis.,2025,??????,??????,来信/评论,,Codex,???,,https://pubmed.ncbi.nlm.nih.gov/40760962/
PUBMED-0012,??/??,PubMed,The safety and efficacy of posterior vertebral column resection in treating severe thoracolumbar Pott's deformity: a multicenter study with long-term follow-up.,2025,??????,??????,符合首轮筛选,,Codex,???,,https://pubmed.ncbi.nlm.nih.gov/40513242/
PUBMED-0013,??/????,PubMed,Anterior tuberculosis lesion debridement and bone grafting combined with short-segment internal fixation in the treatment of thoracolumbar tuberculosis.,2025,??????,??????,符合首轮筛选,,Codex,???,,https://pubmed.ncbi.nlm.nih.gov/40361176/
PUBMED-0014,??/????,PubMed,Exploring Thoracolumbar Pott's Disease in the Immunocompetent; Institutional Experience Over a Decade and Comprehensive Literature Review.,2025,??????,??????,人工复核纳入,,Codex,???,,https://pubmed.ncbi.nlm.nih.gov/40322305/
PUBMED-0015,??/????,PubMed,Clinical Efficacy of Posterior and Combined Posterior-Anterior Surgical Approaches for Intractable Tuberculous Thoracolumbar Kyphosis: A Retrospective Analysis.,2026,??????,??????,符合首轮筛选,,Codex,???,,https://pubmed.ncbi.nlm.nih.gov/40293125/
PUBMED-0016,??/????,PubMed,Report on the clinical outcomes of using postural drainage with intervertebral space as the main focus for managing thoracolumbar tuberculosis: Eight case reports.,2025,??????,??????,病例报告,,Codex,???,,https://pubmed.ncbi.nlm.nih.gov/40184121/
PUBMED-0017,??/??,PubMed,[Short-term effectiveness of anterior and middle columns repair and reconstruction with whole autogenous spinous process-laminar bone through posterior approach in thoracolumbar tuberculosis].,2025,??????,??????,符合首轮筛选,,Codex,???,,https://pubmed.ncbi.nlm.nih.gov/39971366/
PUBMED-0018,??/??,PubMed,Analysis of influencing factors for complications of anterior thoracolumbar tuberculosis surgery in adults.,2025,??????,??????,符合首轮筛选,,Codex,???,,https://pubmed.ncbi.nlm.nih.gov/39792741/
PUBMED-0019,??/????,PubMed,Spinal Tuberculosis (Pott's Disease): A Case Report and Clinical Considerations.,2024,??????,??????,病例报告,,Codex,???,,https://pubmed.ncbi.nlm.nih.gov/39697911/
PUBMED-0020,??/??,PubMed,Prognostic nutritional index and naples prognostic score as biomarkers for the prognosis of incisional wound healing after thoracolumbar tuberculosis surgery.,2024,??????,??????,符合首轮筛选,,Codex,???,,https://pubmed.ncbi.nlm.nih.gov/39671379/
PUBMED-0021,??/??,PubMed,Management of Thoracolumbar Spinal Tuberculosis by Decompression and Posterior Stabilization with Pedicle Screw Fixation.,2024,??????,??????,符合首轮筛选,,Codex,???,,https://pubmed.ncbi.nlm.nih.gov/39669049/
PUBMED-0022,??/??,PubMed,A Comparative Study of Anterior and Posterior Tuberculosis Lesions for the Treatment of Thoracolumbar Tuberculosis disease: A Single Institution Experience in a Major Academic Hospital.,2024,??????,??????,符合首轮筛选,,Codex,???,,https://pubmed.ncbi.nlm.nih.gov/39649429/
PUBMED-0023,??/????,PubMed,"Progressive Thoracolumbar Tuberculosis in a Young Male: Diagnostic, Therapeutic, and Surgical Insights.",2024,??????,??????,病例报告,,Codex,???,,https://pubmed.ncbi.nlm.nih.gov/39452165/
PUBMED-0024,??/??,PubMed,The use of thoracolumbar spinal orthosis in thoracolumbar fractures.,2024,??????,??????,非结核目标疾病,,Codex,???,,https://pubmed.ncbi.nlm.nih.gov/39399089/
PUBMED-0025,??/????,PubMed,Comparison of two surgical approaches in treating children with thoracolumbar junction tuberculosis: a multicenter study.,2024,??????,??????,符合首轮筛选,,Codex,???,,https://pubmed.ncbi.nlm.nih.gov/39294729/
PUBMED-0026,??/??,PubMed,A comment on 'Clinical efficacy of different surgical approaches in the treatment of thoracolumbar tuberculosis: a multicenter retrospective case-control study with a minimum 10-year follow-up'.,2024,??????,??????,来信/评论,,Codex,???,,https://pubmed.ncbi.nlm.nih.gov/39275780/
PUBMED-0027,??/??,PubMed,[Treatment of thoracolumbar tuberculosis with robot-assisted and minimally invasive access via transforaminal expansion approach].,2024,??????,??????,符合首轮筛选,,Codex,???,,https://pubmed.ncbi.nlm.nih.gov/39175314/
PUBMED-0028,??/??,PubMed,Surgical Outcomes of Adults with Spinal Caries from 1992 to 2019: A Single-Center Study-Risk Factors for the Progression of Kyphosis after Anterior Spinal Fixation Reveal Cases Needing Additional Posterior Instrumentation.,2024,??????,??????,非脊柱结核,,Codex,???,,https://pubmed.ncbi.nlm.nih.gov/38999369/
PUBMED-0029,??/??,PubMed,Sociodemographic patterns of spinal tuberculosis patients from a tertiary care teaching hospital: A 5-year cross-sectional study.,2024,??????,??????,人工复核排除,,Codex,???,,https://pubmed.ncbi.nlm.nih.gov/38988427/
PUBMED-0030,??/????,PubMed,Multi-level tuberculosis of the spine identified by 18 F-FDG-PET/CT and concomitant urogenital tuberculosis: a case report from the spinal TB X cohort.,2024,??????,??????,病例报告,,Codex,???,,https://pubmed.ncbi.nlm.nih.gov/38896371/
PUBMED-0031,??/????,PubMed,A comparison of anterior reconstruction of spinal defect using nano-hydroxyapatite/polyamide 66 cage and autologous iliac bone for thoracolumbar tuberculosis: a stepwise propensity score matching analysis.,2024,??????,??????,符合首轮筛选,,Codex,???,,https://pubmed.ncbi.nlm.nih.gov/38798951/
PUBMED-0032,??/????,PubMed,Pott's Paraplegia in a 2 Years Female: A Rare Presentation at an Early Age.,2024,??????,??????,病例报告,,Codex,???,,https://pubmed.ncbi.nlm.nih.gov/38715576/
PUBMED-0033,??/????,PubMed,Outcomes of Dorsolumbar and Lumbar Spinal Tuberculosis Treated by Minimally Invasive and Open Techniques: A Prospective Comparative Study.,2024,??????,??????,符合首轮筛选,,Codex,???,,https://pubmed.ncbi.nlm.nih.gov/38694702/
PUBMED-0034,??/??,PubMed,Letter to the editor regarding 'Clinical efficacy of different surgical approaches in the treatment of thoracolumbar tuberculosis: a multicenter retrospective case-control study with a minimum 10-year follow-up'.,2024,??????,??????,来信/评论,,Codex,???,,https://pubmed.ncbi.nlm.nih.gov/38597378/
PUBMED-0035,??/??,PubMed,Clinical efficacy of different surgical approaches in the treatment of thoracolumbar tuberculosis: a multicenter retrospective case-control study with a minimum 10-year follow-up.,2024,??????,??????,符合首轮筛选,,Codex,???,,https://pubmed.ncbi.nlm.nih.gov/38498354/
PUBMED-0036,??/??,PubMed,"Retrospective Analysis of the Efficacy and Safety of Endoscopic Spinal Tuberculosis Focus Removal versus Posterior Pedicle Lesion Removal, Bone Grafting, and Internal Fixation Combined with Drug Chemotherapy for Thoracolumbar Tuberculosis.",2024,??????,??????,符合首轮筛选,,Codex,???,,https://pubmed.ncbi.nlm.nih.gov/38433783/
PUBMED-0037,??/????,PubMed,Comprehensive Spinal Tuberculosis Score: A Clinical Guide for the Management of Thoracolumbar Spinal Tuberculosis.,2024,??????,??????,符合首轮筛选,,Codex,???,,https://pubmed.ncbi.nlm.nih.gov/38379144/
PUBMED-0038,??/??,PubMed,A simple posterior approach with preservation of posterior column structure for the surgical treatment of thoracolumbar spinal tuberculosis.,2024,??????,??????,无摘要但标题相关,,Codex,???,,https://pubmed.ncbi.nlm.nih.gov/38114397/
PUBMED-0039,??/????,PubMed,Case report: Uncommon presentation of Salmonella Dublin infection as a large paravertebral abscess.,2023,??????,??????,病例报告,,Codex,???,,https://pubmed.ncbi.nlm.nih.gov/38076251/
PUBMED-0040,??/??,PubMed,Comparative evaluation of multi-fold rib and structural iliac bone grafts in single-segment thoracic and thoracolumbar spinal tuberculosis: clinical and radiological outcomes.,2023,??????,??????,符合首轮筛选,,Codex,???,,https://pubmed.ncbi.nlm.nih.gov/38041140/
PUBMED-0041,??/????,PubMed,Spinal tuberculosis in Afghanistan: A 2019-2020 study of patients in Kabul hospitals.,2023,??????,??????,人工复核排除,,Codex,???,,https://pubmed.ncbi.nlm.nih.gov/40496790/
PUBMED-0042,??/????,PubMed,Active tuberculosis of spine: Current updates.,2023,??????,??????,符合首轮筛选,,Codex,???,,https://pubmed.ncbi.nlm.nih.gov/37736557/
PUBMED-0043,??/??,PubMed,Retrospective Evaluation of Short-Course versus Traditional Preoperative Chemotherapy in Thoracolumbar Spinal Tuberculosis Patients.,2023,??????,??????,符合首轮筛选,,Codex,???,,https://pubmed.ncbi.nlm.nih.gov/37697647/
PUBMED-0044,??/??,PubMed,A Prospective Observational Study on Outcomes of Single Stage Posterior Decompression and Fixation for Dorsolumbar Spine Tuberculosis.,2023,??????,??????,符合首轮筛选,,Codex,???,,https://pubmed.ncbi.nlm.nih.gov/37396086/
PUBMED-0045,??/????,PubMed,Clinical efficacy and imaging analysis for the surgical treatment of thoracolumbar infections in elderly patients: a retrospective study.,2023,??????,??????,符合首轮筛选,,Codex,???,,https://pubmed.ncbi.nlm.nih.gov/37365248/
PUBMED-0046,??/??,PubMed,Selection of bone graft type for the surgical treatment of thoracolumbar spinal tuberculosis based on the spinal instability neoplastic score: a retrospective single-center cohort study.,2023,??????,??????,符合首轮筛选,,Codex,???,,https://pubmed.ncbi.nlm.nih.gov/37355564/
PUBMED-0047,??/??,PubMed,Clinical efficacy of different open approaches in the surgical treatment of thoracolumbar tuberculosis: a single-center retrospective comparative study.,2023,??????,??????,符合首轮筛选,,Codex,???,,https://pubmed.ncbi.nlm.nih.gov/37170290/
PUBMED-0048,??/????,PubMed,"Surgical management and clinical outcome of cervical, thoracic and thoracolumbar spinal tuberculosis in a middle-European adult population.",2023,??????,??????,符合首轮筛选,,Codex,???,,https://pubmed.ncbi.nlm.nih.gov/37117321/
PUBMED-0049,??/??,PubMed,Single-Posterior Revision Surgery for Recurrent Thoracic/Thoracolumbar Spinal Tuberculosis With Kyphosis.,2023,??????,??????,符合首轮筛选,,Codex,???,,https://pubmed.ncbi.nlm.nih.gov/37083590/
PUBMED-0050,??/????,PubMed,A novel classification of osteotomized debridement based on the range of focus in treating active thoracolumbar tuberculosis: a multicenter study.,2023,??????,??????,符合首轮筛选,,Codex,???,,https://pubmed.ncbi.nlm.nih.gov/37029795/
PUBMED-0051,??/????,PubMed,Biological Stabilisation vs Mechanical Fixation: Do We Always Require Instrumentation in Anterior Decompression Surgeries for Thoracolumbar Spinal Tuberculosis?,2023,??????,??????,符合首轮筛选,,Codex,???,,https://pubmed.ncbi.nlm.nih.gov/36825265/
PUBMED-0052,??/????,PubMed,Efficacy of single-stage posterior surgery for HIV-positive patients with thoracolumbar tuberculosis.,2022,??????,??????,符合首轮筛选,,Codex,???,,https://pubmed.ncbi.nlm.nih.gov/36419079/
PUBMED-0053,??/????,PubMed,"Analysis of Nanohydroxyapatite/Polyamide-66 Cage, Titanium Mesh, and Iliac Crest in Spinal Reconstruction of the Patients with Thoracic and Lumbar Tuberculosis.",2022,??????,??????,符合首轮筛选,,Codex,???,,https://pubmed.ncbi.nlm.nih.gov/36412374/
PUBMED-0054,??/??,PubMed,Global realignment after posterior vertebral column resection in severe thoracolumbar post-tubercular kyphosis: correlation with patient-reported outcomes.,2023,??????,??????,符合首轮筛选,,Codex,???,,https://pubmed.ncbi.nlm.nih.gov/36326896/
PUBMED-0055,??/??,PubMed,A prospective study comparing three different all-posterior surgical techniques in the management of thoracolumbar spinal tuberculosis.,2022,??????,??????,符合首轮筛选,,Codex,???,,https://pubmed.ncbi.nlm.nih.gov/36161066/
PUBMED-0056,??/????,PubMed,Pedicle Morphology of Lower Thoracic and Lumbar Spine in Ankylosing Spondylitis Patients with Thoracolumbar Kyphosis: A Comparison with Fracture Patients.,2022,??????,??????,符合首轮筛选,,Codex,???,,https://pubmed.ncbi.nlm.nih.gov/35971839/
PUBMED-0057,??/??,PubMed,Global Spinal Realignment After Osteotomized Debridement in Active Lumbar Spinal Tuberculosis: Correlation with Patient-Reported Outcomes.,2022,??????,??????,符合首轮筛选,,Codex,???,,https://pubmed.ncbi.nlm.nih.gov/35659592/
PUBMED-0058,??/??,PubMed,Surgical Management of Paediatric Thoracolumbar Tuberculosis by a Combination of Anterior and Posterior Versus Posterior Only Approach: A Systematic Review and Meta-Analysis.,2023,??????,??????,综述/非原始研究,,Codex,???,,https://pubmed.ncbi.nlm.nih.gov/35426770/
PUBMED-0059,??/????,PubMed,RCC (reinforced criss-cross construct): an easy and effective multi-rod thoraco-lumbar posterior reconstruction technique.,2022,??????,??????,综述/非原始研究,,Codex,???,,https://pubmed.ncbi.nlm.nih.gov/35397069/
PUBMED-0060,??/????,PubMed,Pott's disease (tuberculous spondylitis).,2022,??????,??????,病例报告,,Codex,???,,https://pubmed.ncbi.nlm.nih.gov/35295033/
PUBMED-0061,??/????,PubMed,Unstable fracture of fusion mass in old healed tuberculous kyphosis: Case report.,2022,??????,??????,病例报告,,Codex,???,,https://pubmed.ncbi.nlm.nih.gov/35247787/
PUBMED-0062,??/????,PubMed,A Validated Score for Evaluating Spinal Instability to Assess Surgical Candidacy in Active Spinal Tuberculosis-An Evidence Based Approach and Multinational Expert Consensus Study.,2023,??????,??????,符合首轮筛选,,Codex,???,,https://pubmed.ncbi.nlm.nih.gov/35220789/
PUBMED-0063,??/????,PubMed,Pathological features of Brucella spondylitis: A single-center study.,2022,??????,??????,符合首轮筛选,,Codex,???,,https://pubmed.ncbi.nlm.nih.gov/35134730/
PUBMED-0064,??/????,PubMed,Disseminated tuberculosis with symptoms of decreased consciousness: A rare case in Indonesian male.,2022,??????,??????,病例报告,,Codex,???,,https://pubmed.ncbi.nlm.nih.gov/35079359/
PUBMED-0065,??/????,PubMed,Surgical Management of Spinal Tuberculosis - A Retrospective Observational Study from a Tertiary Care Center in Karnataka.,2021,??????,??????,符合首轮筛选,,Codex,???,,https://pubmed.ncbi.nlm.nih.gov/35071064/
PUBMED-0066,??/??,PubMed,Posterior-only stabilization versus global reconstruction in thoracic and thoracolumbar spinal tuberculosis; a prospective randomized study.,2022,??????,??????,符合首轮筛选,,Codex,???,,https://pubmed.ncbi.nlm.nih.gov/35020025/
PUBMED-0067,??/????,PubMed,Osteotomized debridement versus curetted debridement in posterior approach in treating thoracolumbar tuberculosis: a comparative study.,2022,??????,??????,符合首轮筛选,,Codex,???,,https://pubmed.ncbi.nlm.nih.gov/34981259/
PUBMED-0068,??/????,PubMed,Surgical Outcomes of Transpedicular Decompression with or without Global Reconstruction in Thoracic/Thoracolumbar Pott's Spine: A 7-Year Institutional Retrospective Study.,2022,??????,??????,符合首轮筛选,,Codex,???,,https://pubmed.ncbi.nlm.nih.gov/34883011/
PUBMED-0069,??/??,PubMed,Kyphotic angle correction and neurological status evaluation after operation in spinal tuberculosis patients: Single center retrospective study.,2021,??????,??????,符合首轮筛选,,Codex,???,,https://pubmed.ncbi.nlm.nih.gov/34752314/
PUBMED-0070,??/????,PubMed,Pott's paraplegia and role of neuroimaging in resource limited setting: A case report and brief review of the literatures.,2021,??????,??????,病例报告,,Codex,???,,https://pubmed.ncbi.nlm.nih.gov/34729422/
PUBMED-0071,??/????,PubMed,"Posterior-only debridement, internal fixation, and interbody fusion using titanium mesh in the surgical treatment of thoracolumbar tuberculosis with spinal epidural abscess: a minimum 5-year follow-up.",2021,??????,??????,符合首轮筛选,,Codex,???,,https://pubmed.ncbi.nlm.nih.gov/34724946/
PUBMED-0072,??/????,PubMed,PEEK vs Titanium Cage for Anterior Column Reconstruction in Active Spinal Tuberculosis: A Comparative Study.,2021,??????,??????,符合首轮筛选,,Codex,???,,https://pubmed.ncbi.nlm.nih.gov/34507423/
PUBMED-0073,??/????,PubMed,Integration of Umbilical Cord Mesenchymal Stem Cell Application in Hydroxyapatite-Based Scaffolds in the Treatment of Vertebral Bone Defect due to Spondylitis Tuberculosis: A Translational Study.,2021,??????,??????,符合首轮筛选,,Codex,???,,https://pubmed.ncbi.nlm.nih.gov/34475959/
PUBMED-0074,??/??,PubMed,[A preliminary study on the surgical timing of spinal tuberculosis].,2021,??????,??????,符合首轮筛选,,Codex,???,,https://pubmed.ncbi.nlm.nih.gov/34423614/
PUBMED-0075,??/????,PubMed,Selection of the fusion and fixation range in the intervertebral surgery to correct thoracolumbar and lumbar tuberculosis: a retrospective clinical study.,2021,??????,??????,符合首轮筛选,,Codex,???,,https://pubmed.ncbi.nlm.nih.gov/34020626/
PUBMED-0076,??/????,PubMed,Single-Stage Combined Anterior Corpectomy and Posterior Instrumented Fusion in Tuberculous Spondylitis With Varying Degrees of Neurological Deficit.,2021,??????,??????,符合首轮筛选,,Codex,???,,https://pubmed.ncbi.nlm.nih.gov/33985996/
PUBMED-0077,??/??,PubMed,Transpedicular bi-vertebrae wedge osteotomy in treatment of post-tubercular spinal deformity: a retrospective study.,2021,??????,??????,符合首轮筛选,,Codex,???,,https://pubmed.ncbi.nlm.nih.gov/33845826/
PUBMED-0078,??/????,PubMed,Defining mechanical instability in tuberculosis of the spine: a systematic review.,2021,??????,??????,综述/非原始研究,,Codex,???,,https://pubmed.ncbi.nlm.nih.gov/33841919/
PUBMED-0079,??/????,PubMed,Surgical outcomes of posterior trans-facetal decompression and stabilisation in tuberculous spondylodiscitis with neuro-deficit.,2021,??????,??????,综述/非原始研究,,Codex,???,,https://pubmed.ncbi.nlm.nih.gov/33717938/
PUBMED-0080,??/????,PubMed,Coexisting Spine Lesions on Whole Spine T2 Sagittal MRI in Evaluating Spinal Degenerative Disease.,2021,??????,??????,符合首轮筛选,,Codex,???,,https://pubmed.ncbi.nlm.nih.gov/33619916/
PUBMED-0081,??/????,PubMed,"Single-stage posterior-only debridement, decompression and interbody fusion for the treatment of thoracolumbar spinal tuberculosis complicated with psoas abscesses.",2021,??????,??????,符合首轮筛选,,Codex,???,,https://pubmed.ncbi.nlm.nih.gov/33579244/
PUBMED-0082,??/??,PubMed,[Polymethylmethacrylate-augmented screw fixation in treatment of senile thoracolumbar tuberculosis combined with severe osteoporosis].,2020,??????,??????,符合首轮筛选,,Codex,???,,https://pubmed.ncbi.nlm.nih.gov/33319530/
PUBMED-0083,??/????,PubMed,A Case Report of a Tragic Story of Pott's paraplegia Cured after Four Years.,2020,??????,??????,病例报告,,Codex,???,,https://pubmed.ncbi.nlm.nih.gov/33274880/
PUBMED-0084,??/??,PubMed,Anterolateral versus posterolateral decompression and spinal stabilization in thoracolumbar Potts spine: a comparative study.,2023,??????,??????,符合首轮筛选,,Codex,???,,https://pubmed.ncbi.nlm.nih.gov/33241951/
PUBMED-0085,??/????,PubMed,Torticollis as a sign of spinal tuberculosis.,2020,??????,??????,病例报告,,Codex,???,,https://pubmed.ncbi.nlm.nih.gov/33088406/
PUBMED-0086,??/??,PubMed,The use of separate-level neuraxial anaesthesia for caesarean delivery in a patient with a history of spinal tuberculosis.,2020,??????,??????,病例报告,,Codex,???,,https://pubmed.ncbi.nlm.nih.gov/32705084/
PUBMED-0087,??/????,PubMed,Salmonella Typhi dorsolumbar spondylodiscitis mimicking tuberculosis - An interesting case report.,2020,??????,??????,病例报告,,Codex,???,,https://pubmed.ncbi.nlm.nih.gov/35592011/
PUBMED-0088,??/??,PubMed,Minimally invasive technique for the abscess drainage in lumbosacral tuberculosis using arthroscopy sheath: A case report.,2020,??????,??????,病例报告,,Codex,???,,https://pubmed.ncbi.nlm.nih.gov/32563084/
PUBMED-0089,??/????,PubMed,The efficacy of allograft bone using titanium mesh in the posterior-only surgical treatment of thoracic and thoracolumbar spinal tuberculosis.,2020,??????,??????,符合首轮筛选,,Codex,???,,https://pubmed.ncbi.nlm.nih.gov/32532269/
PUBMED-0090,??/??,PubMed,Hybrid Minimally Invasive Technique for Treatment of Thoracolumbar Spondylodiscitis and Vertebral Osteomyelitis.,2020,??????,??????,符合首轮筛选,,Codex,???,,https://pubmed.ncbi.nlm.nih.gov/32526368/
PUBMED-0091,??/??,PubMed,Learning from Mistakes: Pancreatic Laceration: Devastating Complication During Spine Surgery.,2020,??????,??????,病例报告,,Codex,???,,https://pubmed.ncbi.nlm.nih.gov/32522644/
PUBMED-0092,??/????,PubMed,Pathologic characteristics of spinal tuberculosis: analysis of 181 cases.,2020,??????,??????,符合首轮筛选,,Codex,???,,https://pubmed.ncbi.nlm.nih.gov/32509101/
PUBMED-0093,??/??,PubMed,Transforaminal debridement with a posterior-only approach involving placement of an interbody bone graft combined with diseased vertebral fixation for the treatment of thoracic and lumbar tuberculosis: Minimum 5-year follow-up.,2020,??????,??????,符合首轮筛选,,Codex,???,,https://pubmed.ncbi.nlm.nih.gov/32481417/
PUBMED-0094,??/????,PubMed,Tuberculous spondylitis following intravesical bcg-instillation in the treatment of transitional cell carcinoma: Case report and systematic review.,2020,??????,??????,综述/非原始研究,,Codex,???,,https://pubmed.ncbi.nlm.nih.gov/32480296/
PUBMED-0095,??/????,PubMed,Extreme lateral interbody fusion and percutaneous pedicle screw fixation in the minimally invasive treatment of thoracic tuberculosis.,2020,??????,??????,病例报告,,Codex,???,,https://pubmed.ncbi.nlm.nih.gov/32459154/
PUBMED-0096,??/??,PubMed,"[One-stage transpedicular debridement, posterior internal fixation and fusion for the treatment of senile thoracolumbar tuberculosis].",2020,??????,??????,符合首轮筛选,,Codex,???,,https://pubmed.ncbi.nlm.nih.gov/32452185/
PUBMED-0097,??/????,PubMed,Treatment of Spinal Tuberculosis of GATA Type III: Primary Posterior Debridement Combined with Osteotomy Parallel to the Endplates for Reconstruction.,2020,??????,??????,符合首轮筛选,,Codex,???,,https://pubmed.ncbi.nlm.nih.gov/32324329/
PUBMED-0098,??/????,PubMed,[Diagnosis and treatment of primary intraspinal abscess].,2020,??????,??????,符合首轮筛选,,Codex,???,,https://pubmed.ncbi.nlm.nih.gov/32306010/
PUBMED-0099,??/????,PubMed,Short-term outcome of lamina-sparing decompression in thoracolumbar spinal tuberculosis.,2020,??????,??????,符合首轮筛选,,Codex,???,,https://pubmed.ncbi.nlm.nih.gov/32197241/
PUBMED-0100,??/????,PubMed,Extend of Skipped Multifocal Noncontiguous Spinal Tuberculosis Beyond Imagination: A Rare Case Report and Literature Review.,2020,??????,??????,病例报告,,Codex,???,,https://pubmed.ncbi.nlm.nih.gov/32181188/
PUBMED-0101,??/????,PubMed,Multi-drug resistant spinal tuberculosis-epidemiological characteristics of in-patients: a multicentre retrospective study.,2020,??????,??????,符合首轮筛选,,Codex,???,,https://pubmed.ncbi.nlm.nih.gov/31983359/
PUBMED-0102,??/????,PubMed,Does Mesh Cage Subsidence Have any Effect on Functional Outcome in Spinal Tuberculosis?,2019,??????,??????,符合首轮筛选,,Codex,???,,https://pubmed.ncbi.nlm.nih.gov/31903358/
PUBMED-0103,??/??,PubMed,A meta-analysis of the safety and effectiveness of titanium mesh versus bone graft alone for the treatment of thoracolumbar tuberculosis.,2020,??????,??????,综述/非原始研究,,Codex,???,,https://pubmed.ncbi.nlm.nih.gov/31872301/
PUBMED-0104,??/??,PubMed,"Comparison of three surgical approaches for thoracolumbar junction (T12-L1) tuberculosis: a multicentre, retrospective study.",2019,??????,??????,符合首轮筛选,,Codex,???,,https://pubmed.ncbi.nlm.nih.gov/31706297/
PUBMED-0105,??/??,PubMed,Extended Posterior Decompression and Instrumented Fusion for Spinal Tuberculosis.,2019,??????,??????,符合首轮筛选,,Codex,???,,https://pubmed.ncbi.nlm.nih.gov/31352728/
PUBMED-0106,??/??,PubMed,"Surgical treatment of thoracolumbar spinal tuberculosis-a multicentre, retrospective, case-control study.",2019,??????,??????,符合首轮筛选,,Codex,???,,https://pubmed.ncbi.nlm.nih.gov/31337417/
PUBMED-0107,??/????,PubMed,Application of transforaminal-lumbar interbody fusion technology combined with lesion clearance and chemotherapy via catheter for the treatment of spinal tuberculosis.,2019,??????,??????,符合首轮筛选,,Codex,???,,https://pubmed.ncbi.nlm.nih.gov/31258637/
PUBMED-0108,??/??,PubMed,Adjacent segment degeneration and spinal cord compression in rigid angular kyphosis of spinal tuberculosis and its intraoperative management strategy.,2021,??????,??????,符合首轮筛选,,Codex,???,,https://pubmed.ncbi.nlm.nih.gov/31204907/
PUBMED-0109,??/??,PubMed,Outcome Analysis of Posterolateral Decompression and Spinal Stabilization for Tuberculous Spine.,2019,??????,??????,符合首轮筛选,,Codex,???,,https://pubmed.ncbi.nlm.nih.gov/31143265/
PUBMED-0110,??/????,PubMed,Minimum 5-Year Follow-Up Outcomes for Comparison Between Titanium Mesh Cage and Allogeneic Bone Graft to Reconstruct Anterior Column Through Posterior Approach for the Surgical treatment of Thoracolumbar Spinal Tuberculosis with Kyphosis.,2019,??????,??????,符合首轮筛选,,Codex,???,,https://pubmed.ncbi.nlm.nih.gov/30910755/
PUBMED-0111,??/??,PubMed,"Single-stage posterior debridement, decompression and transpedicular screw fixation for the treatment of thoracolumbar junction (T12-L1) tuberculosis with associated neurological deficit: a multicentre retrospective study.",2019,??????,??????,符合首轮筛选,,Codex,???,,https://pubmed.ncbi.nlm.nih.gov/30832629/
PUBMED-0112,??/????,PubMed,Posterior versus Anterior Approach Surgery for Thoracolumbar Spinal Tuberculosis.,2019,??????,??????,符合首轮筛选,,Codex,???,,https://pubmed.ncbi.nlm.nih.gov/30700364/
PUBMED-0113,??/??,PubMed,Single-approach vertebral osteosynthesis in the treatment of spinal osteolysis by spondylodiscitis.,2019,??????,??????,符合首轮筛选,,Codex,???,,https://pubmed.ncbi.nlm.nih.gov/30611171/
PUBMED-0114,??/????,PubMed,Spinal Tuberculosis: Current Concepts.,2018,??????,??????,符合首轮筛选,,Codex,???,,https://pubmed.ncbi.nlm.nih.gov/30574444/
PUBMED-0115,??/??,PubMed,Anterior versus posterior instrumentation for treatment of thoracolumbar tuberculosis : A meta-analysis.,2019,??????,??????,综述/非原始研究,,Codex,???,,https://pubmed.ncbi.nlm.nih.gov/30523353/
PUBMED-0116,??/??,PubMed,Surgical approach and management outcomes for junction tuberculous spondylitis: a retrospective study of 77 patients.,2018,??????,??????,符合首轮筛选,,Codex,???,,https://pubmed.ncbi.nlm.nih.gov/30522509/
PUBMED-0117,??/????,PubMed,"Single-stage anterior debridement, posterior instrumentation and global fusion in thoracic and thoracolumbar tubercular spondylodiscitis.",2019,??????,??????,符合首轮筛选,,Codex,???,,https://pubmed.ncbi.nlm.nih.gov/30515742/
PUBMED-0118,??/??,PubMed,The efficiency of the posterior-only approach using shaped titanium mesh cage for the surgical treatment of spine tuberculosis in children: A preliminary study.,2018,??????,??????,符合首轮筛选,,Codex,???,,https://pubmed.ncbi.nlm.nih.gov/30352547/
PUBMED-0119,??/????,PubMed,Efficacy of One-Stage Posterior Debridement and Bone Grafting with Internal Fixation in the Treatment of Monosegmental Thoracolumbar Tuberculosis.,2019,??????,??????,符合首轮筛选,,Codex,???,,https://pubmed.ncbi.nlm.nih.gov/30312822/
PUBMED-0120,??/??,PubMed,Single-Stage Posterior Instrumentation and Unilateral Transpedicular Debridement for the Treatment of Thoracolumbar Tuberculosis: Three Years of Follow-Up.,2019,??????,??????,符合首轮筛选,,Codex,???,,https://pubmed.ncbi.nlm.nih.gov/30261383/
PUBMED-0121,??/????,PubMed,"Comparison of single posterior debridement, bone grafting and instrumentation with single-stage anterior debridement, bone grafting and posterior instrumentation in the treatment of thoracic and thoracolumbar spinal tuberculosis.",2018,??????,??????,符合首轮筛选,,Codex,???,,https://pubmed.ncbi.nlm.nih.gov/30176880/
PUBMED-0122,??/??,PubMed,The posterior-only surgical approach in the treatment of tuberculosis of the spine: outcomes using cortical bone allografts.,2018,??????,??????,符合首轮筛选,,Codex,???,,https://pubmed.ncbi.nlm.nih.gov/30168757/
PUBMED-0123,??/??,PubMed,[Treatment of thoracolumbar spinal tuberculosis by posterior focus debridement and bone grafting and fixation combined with psoas abscess debridement and local chemotherapy via different approachs].,2018,??????,??????,符合首轮筛选,,Codex,???,,https://pubmed.ncbi.nlm.nih.gov/30129317/
PUBMED-0124,??/??,PubMed,[Clinical efficacy of posterior intervertebral surgery for treating single-segment thoracolumbar spinal tuberculosis].,2018,??????,??????,符合首轮筛选,,Codex,???,,https://pubmed.ncbi.nlm.nih.gov/29886469/
PUBMED-0125,??/????,PubMed,[Research progress of surgical treatment of thoracolumbar spinal tuberculosis].,2018,??????,??????,综述/非原始研究,,Codex,???,,https://pubmed.ncbi.nlm.nih.gov/29806375/
PUBMED-0126,??/??,PubMed,[Treatment of multiple segments of thoracolumbar tuberculosis using posterior unilateral debridement with bone graft and internal fixation].,2017,??????,??????,符合首轮筛选,,Codex,???,,https://pubmed.ncbi.nlm.nih.gov/29798564/
PUBMED-0127,??/??,PubMed,Tuberculous Spondylolisthesis: A Reappraisal of the Clinicoradiologic Spectrum and Surgical Treatment Paradigm.,2018,??????,??????,综述/非原始研究,,Codex,???,,https://pubmed.ncbi.nlm.nih.gov/29526779/
PUBMED-0128,??/??,PubMed,[Comparision of clinical effects between one-stage anterior and posterior approach in treating thoracolumbar tuberculosis with debridement and internal fixation].,2017,??????,??????,符合首轮筛选,,Codex,???,,https://pubmed.ncbi.nlm.nih.gov/29455478/
PUBMED-0129,??/??,PubMed,"A comparative study of single-stage transpedicular debridement, fusion, and posterior long-segment versus short-segment fixation for the treatment of thoracolumbar spinal tuberculosis in adults: minimum five year follow-up outcomes.",2018,??????,??????,符合首轮筛选,,Codex,???,,https://pubmed.ncbi.nlm.nih.gov/29430603/
PUBMED-0130,??/????,PubMed,Unusual circumstances to diagnose cervical Pott's disease.,2018,??????,??????,病例报告,,Codex,???,,https://pubmed.ncbi.nlm.nih.gov/29218392/
PUBMED-0131,??/????,PubMed,The position of the aorta relative to the spine in patients with Pott's thoracolumbar angular kyphosis.,2018,??????,??????,人工复核排除,,Codex,???,,https://pubmed.ncbi.nlm.nih.gov/29198597/
PUBMED-0132,??/????,PubMed,[Efficacy of 3D print guide technique in one stage posterior approach for the treatment of cervical and thoracic tuberculosis with kyphosis].,2017,??????,??????,符合首轮筛选,,Codex,???,,https://pubmed.ncbi.nlm.nih.gov/29179285/
PUBMED-0133,??/????,PubMed,Functional and Radiological Outcomes of Anterior Decompression and Posterior Stabilization via Posterior Transpedicular Approach in Thoracic and Thoracolumbar Pott's Disease: A Retrospective Study.,2017,??????,??????,符合首轮筛选,,Codex,???,,https://pubmed.ncbi.nlm.nih.gov/28874981/
PUBMED-0134,??/????,PubMed,[Dorsolumbar cold abscess revealing Pott's disease].,2017,??????,??????,病例报告,,Codex,???,,https://pubmed.ncbi.nlm.nih.gov/28748004/
PUBMED-0135,??/????,PubMed,Utilization of ring-shaped bone allograft for surgical treatment of adolescent post-tubercular kyphosis: A retrospective study.,2017,??????,??????,符合首轮筛选,,Codex,???,,https://pubmed.ncbi.nlm.nih.gov/28614236/
PUBMED-0136,??/??,PubMed,"Surgical Treatment of Angular Pott's Kyphosis with Posterior Approach, Pedicular Wedge Osteotomy and Canal Widening.",2017,??????,??????,病例报告,,Codex,???,,https://pubmed.ncbi.nlm.nih.gov/28567156/
PUBMED-0137,??/????,PubMed,Higher fluorine-18 fluorodeoxyglucose positron emission tomography (FDG-PET) uptake in tuberculous compared to bacterial spondylodiscitis.,2017,??????,??????,符合首轮筛选,,Codex,???,,https://pubmed.ncbi.nlm.nih.gov/28299432/
PUBMED-0138,??/????,PubMed,Evaluation of Outcome of Transpedicular Decompression and Instrumented Fusion in Thoracic and Thoracolumbar Tuberculosis.,2017,??????,??????,符合首轮筛选,,Codex,???,,https://pubmed.ncbi.nlm.nih.gov/28243366/
PUBMED-0139,??/????,PubMed,Role of Posterior Stabilization and Transpedicular Decompression in the Treatment of Thoracic and Thoracolumbar TB: A Retrospective Evaluation.,2017,??????,??????,符合首轮筛选,,Codex,???,,https://pubmed.ncbi.nlm.nih.gov/28169940/
PUBMED-0140,??/????,PubMed,Computed Tomography-Guided Catheterization Drainage to Cure Spinal Tuberculosis With Individualized Chemotherapy.,2017,??????,??????,符合首轮筛选,,Codex,???,,https://pubmed.ncbi.nlm.nih.gov/28112788/
PUBMED-0141,??/????,PubMed,A Case of Koch's Spine Treated with Modified Transpedicular Vertebral Curettage and Posterior Fixation: A Novel Technique.,2016,??????,??????,病例报告,,Codex,???,,https://pubmed.ncbi.nlm.nih.gov/28083459/
PUBMED-0142,??/??,PubMed,Application of a modified thoracoabdominal approach that avoids cutting open the costal portion of diaphragm during anterior thoracolumbar spine surgery.,2017,??????,??????,符合首轮筛选,,Codex,???,,https://pubmed.ncbi.nlm.nih.gov/28028649/
PUBMED-0143,??/????,PubMed,Results of Single-Staged Posterior Decompression and Circumferential Fusion Using a Transpedicular Approach to Correct a Kyphotic Deformity due to Thoracolumbar Spinal Tuberculosis.,2016,??????,??????,符合首轮筛选,,Codex,???,,https://pubmed.ncbi.nlm.nih.gov/27994788/
PUBMED-0144,??/????,PubMed,The epidemiology of spinal tuberculosis in the United States: an analysis of 2002-2011 data.,2017,??????,??????,符合首轮筛选,,Codex,???,,https://pubmed.ncbi.nlm.nih.gov/27982765/
PUBMED-0145,??/??,PubMed,"Minimum 5-year follow-up outcomes for single-stage transpedicular debridement, posterior instrumentation and fusion in the management of thoracic and thoracolumbar spinal tuberculosis in adults.",2016,??????,??????,符合首轮筛选,,Codex,???,,https://pubmed.ncbi.nlm.nih.gov/27387195/
PUBMED-0146,??/????,PubMed,Surgery for spinal tuberculosis: a multi-center experience of 582 cases.,2015,??????,??????,非胸腰段人群,,Codex,???,,https://pubmed.ncbi.nlm.nih.gov/27683681/
PUBMED-0147,??/??,PubMed,Management of Spine Tuberculosis With Chemotherapy and Percutaneous Pedicle Screws in Adjacent Vertebrae: A Retrospective Study of 34 Cases.,2016,??????,??????,符合首轮筛选,,Codex,???,,https://pubmed.ncbi.nlm.nih.gov/27548581/
PUBMED-0148,??/??,PubMed,"One-stage posterior focus debridement, interbody grafts, and posterior instrumentation and fusion in the surgical treatment of thoracolumbar spinal tuberculosis with kyphosis in children: a preliminary report.",2016,??????,??????,符合首轮筛选,,Codex,???,,https://pubmed.ncbi.nlm.nih.gov/27392447/
PUBMED-0149,??/????,PubMed,Impact on Neurological Recovery of Transforaminal Debridement and Interbody Fusion versus Transpedicular Decompression in Combination with Pedicle Screw Instrumentation for Treating Thoracic and Lumbar Spinal Tuberculosis.,2016,??????,??????,符合首轮筛选,,Codex,???,,https://pubmed.ncbi.nlm.nih.gov/27340536/
PUBMED-0150,??/????,PubMed,Demographics of tuberculosis of spine and factors affecting neurological improvement in patients suffering from tuberculosis of spine: a retrospective analysis of 312 cases.,2017,??????,??????,符合首轮筛选,,Codex,???,,https://pubmed.ncbi.nlm.nih.gov/27241442/
PUBMED-0151,??/????,PubMed,[Mid-term outcome of surgical operation for thoracolumbar tuberculosis].,2016,??????,??????,符合首轮筛选,,Codex,???,,https://pubmed.ncbi.nlm.nih.gov/27141787/
PUBMED-0152,??/????,PubMed,"[CORRECTION OF THORACOLUMBAR KYPHOSCOLIOSIS BY MODIFIED ""EGGSHELL"" OSTEOTOMY].",2016,??????,??????,符合首轮筛选,,Codex,???,,https://pubmed.ncbi.nlm.nih.gov/27062850/
PUBMED-0153,??/??,PubMed,Is duration of preoperative anti-tuberculosis treatment a risk factor for postoperative relapse or non-healing of spinal tuberculosis?,2016,??????,??????,符合首轮筛选,,Codex,???,,https://pubmed.ncbi.nlm.nih.gov/26951176/
PUBMED-0154,??/??,PubMed,Use of Intramedullary K-Wire to Enhance Fibular Graft Placement in 4-Level Thoracolumbar Corpectomy for Pott Disease: Case Report and Review of Literature.,2016,??????,??????,综述/非原始研究,,Codex,???,,https://pubmed.ncbi.nlm.nih.gov/26875650/
PUBMED-0155,??/????,PubMed,Surgical treatment of selected patients with multilevel contiguous thoracolumbar spinal tuberculosis by only posterior instrumentation without any bone fusion.,2015,??????,??????,符合首轮筛选,,Codex,???,,https://pubmed.ncbi.nlm.nih.gov/26770474/
PUBMED-0156,??/??,PubMed,"[EFFECTIVENESS OF POSTERIOR UNILATERAL TRANSPEDICULAR DEBRIDEMENT, BONE GRAFT FUSION, AND PEDICLE SCREW FIXATION FOR THORACOLUMBAL TUBERCULOSIS].",2015,??????,??????,符合首轮筛选,,Codex,???,,https://pubmed.ncbi.nlm.nih.gov/26749735/
PUBMED-0157,??/????,PubMed,"Neurological Recovery Determined by C-Reactive Protein, Erythrocyte Sedimentation Rate and Two Different Posterior Decompressive Surgical Procedures: A Retrospective Clinical Study of Patients with Spinal Tuberculosis.",2015,??????,??????,符合首轮筛选,,Codex,???,,https://pubmed.ncbi.nlm.nih.gov/26638591/
PUBMED-0158,??/??,PubMed,"A Retrospective Study of 39 Patients Treated With Anterior Approach of Thoracic and Lumbar Spondylodiscitis: Clinical Manifestations, Anterior Surgical Treatment, and Outcome.",2015,??????,??????,符合首轮筛选,,Codex,???,,https://pubmed.ncbi.nlm.nih.gov/26632729/
PUBMED-0159,??/????,PubMed,Comparison between the antero-posterior and posterior only approaches for treating thoracolumbar tuberculosis (T10-L2) with kyphosis in children: a minimum 3-year follow-up.,2016,??????,??????,符合首轮筛选,,Codex,???,,https://pubmed.ncbi.nlm.nih.gov/26499349/
PUBMED-0160,??/????,PubMed,"Surgical Outcome of Anterior Decompression, Grafting and Fixation in Caries of Dorsolumbar Spine.",2015,??????,??????,符合首轮筛选,,Codex,???,,https://pubmed.ncbi.nlm.nih.gov/26454388/
PUBMED-0161,??/??,PubMed,Evaluation of the Behavior of Spinal Deformities in Tuberculosis of the Spine in Adults.,2015,??????,??????,符合首轮筛选,,Codex,???,,https://pubmed.ncbi.nlm.nih.gov/26435793/
PUBMED-0162,??/????,PubMed,"Treatment effect, postoperative complications, and their reasons in juvenile thoracic and lumbar spinal tuberculosis surgery.",2015,??????,??????,符合首轮筛选,,Codex,???,,https://pubmed.ncbi.nlm.nih.gov/26427381/
PUBMED-0163,??/??,PubMed,"Debridement, internal fixation, and reconstruction using titanium mesh for the surgical treatment of thoracic and lumbar spinal tuberculosis via a posterior-only approach: a 4-year follow-up of 28 patients.",2015,??????,??????,符合首轮筛选,,Codex,???,,https://pubmed.ncbi.nlm.nih.gov/26391477/
PUBMED-0164,??/????,PubMed,"The course of spinal tuberculosis (Pott disease): results of the multinational, multicentre Backbone-2 study.",2015,??????,??????,符合首轮筛选,,Codex,???,,https://pubmed.ncbi.nlm.nih.gov/26232534/
PUBMED-0165,??/??,PubMed,Pott's disease: an Uncommon cause of thoracolumbar pain nowadays.,2016,??????,??????,病例报告,,Codex,???,,https://pubmed.ncbi.nlm.nih.gov/26166694/
PUBMED-0166,??/????,PubMed,"[Treatment of thoracolumbar spinal tuberculosis with single posterior debridement, bone grafting, internal fixation and local chemotherapy].",2015,??????,??????,符合首轮筛选,,Codex,???,,https://pubmed.ncbi.nlm.nih.gov/26072613/
PUBMED-0167,??/??,PubMed,Analysis of 17 cases of posterior vertebral column resection in treating thoracolumbar spinal tuberculous angular kyphosis.,2015,??????,??????,符合首轮筛选,,Codex,???,,https://pubmed.ncbi.nlm.nih.gov/25962732/
PUBMED-0168,??/??,PubMed,Modified pedicle subtraction osteotomies (mPSO) for thoracolumbar post-tubercular kyphosis in pediatric patients: retrospective clinical cases and review of the literature.,2015,??????,??????,人工复核纳入,,Codex,???,,https://pubmed.ncbi.nlm.nih.gov/25953095/
PUBMED-0169,??/??,PubMed,Expanded eggshell procedure combined with closing-opening technique (a modified vertebral column resection) for the treatment of thoracic and thoracolumbar angular kyphosis.,2015,??????,??????,符合首轮筛选,,Codex,???,,https://pubmed.ncbi.nlm.nih.gov/25909274/
PUBMED-0170,??/????,PubMed,Anterolateral radical debridement and interbody bone grafting combined with transpedicle fixation in the treatment of thoracolumbar spinal tuberculosis.,2015,??????,??????,符合首轮筛选,,Codex,???,,https://pubmed.ncbi.nlm.nih.gov/25860219/
PUBMED-0171,??/????,PubMed,"Unusual spinal tuberculosis in an Avar Age skeleton (Csongrád-Felgyő, Ürmös-tanya, Hungary): A morphological and biomolecular study.",2015,??????,??????,病例报告,,Codex,???,,https://pubmed.ncbi.nlm.nih.gov/25840822/
PUBMED-0172,??/????,PubMed,[MRI-based follow-up study of spinal tuberculosis in children].,2014,??????,??????,符合首轮筛选,,Codex,???,,https://pubmed.ncbi.nlm.nih.gov/25739260/
PUBMED-0173,??/??,PubMed,The Extended Posterior Circumferential Decompression Technique in the Management of Tubercular Spondylitis with and without Paraplegia.,2014,??????,??????,符合首轮筛选,,Codex,???,,https://pubmed.ncbi.nlm.nih.gov/25558312/
PUBMED-0174,??/????,PubMed,INTRAMEDULLARY TUBERCULOMA OF THORACIC SPINAL CORD IN AN APPARENTLY HEALTHY NIGERIAN: CASE REPORT.,2015,??????,??????,病例报告,,Codex,???,,https://pubmed.ncbi.nlm.nih.gov/27738623/
PUBMED-0175,??/????,PubMed,Minimally invasive retroperitoneoscopic surgery for psoas abscess with thoracolumbar tuberculosis.,2015,??????,??????,符合首轮筛选,,Codex,???,,https://pubmed.ncbi.nlm.nih.gov/25424363/
PUBMED-0176,??/????,PubMed,Surgical treatment of spinal tuberculosis complicated with extensive abscess.,2014,??????,??????,符合首轮筛选,,Codex,???,,https://pubmed.ncbi.nlm.nih.gov/25328472/
PUBMED-0177,??/??,PubMed,Surgical treatment of thoracolumbar tuberculosis: a retrospective analysis of autogenous grafting versus expandable cages.,2014,??????,??????,符合首轮筛选,,Codex,???,,https://pubmed.ncbi.nlm.nih.gov/25205385/
PUBMED-0178,??/????,PubMed,Surgery-related complications and sequelae in management of tuberculosis of spine.,2014,??????,??????,符合首轮筛选,,Codex,???,,https://pubmed.ncbi.nlm.nih.gov/25187860/
PUBMED-0179,??/??,PubMed,Study on anterior and posterior approaches for spinal tuberculosis: a meta-analysis.,2015,??????,??????,综述/非原始研究,,Codex,???,,https://pubmed.ncbi.nlm.nih.gov/25047733/
PUBMED-0180,??/????,PubMed,Paralysis developing as a paradoxical response during the treatment for tuberculous spondylitis: a case report.,2014,??????,??????,病例报告,,Codex,???,,https://pubmed.ncbi.nlm.nih.gov/25024967/
PUBMED-0181,??/????,PubMed,Tuberculosis of ultralong segmental thoracic and lumbar vertebrae treated by posterior fixation and cleaning of the infection center through a cross-window.,2015,??????,??????,符合首轮筛选,,Codex,???,,https://pubmed.ncbi.nlm.nih.gov/25011095/
PUBMED-0182,??/??,PubMed,Single-stage internal fixation for thoracolumbar spinal tuberculosis using 4 different surgical approaches.,2014,??????,??????,符合首轮筛选,,Codex,???,,https://pubmed.ncbi.nlm.nih.gov/24739228/
PUBMED-0183,??/????,PubMed,Magnetic Resonance Image findings of Spinal Tuberclosis at first presentation.,2014,??????,??????,符合首轮筛选,,Codex,???,,https://pubmed.ncbi.nlm.nih.gov/24655918/
PUBMED-0184,??/????,PubMed,Thoracolumbar spinal tuberculosis in children with severe post-tubercular kyphotic deformities treated by single-stage closing-opening wedge osteotomy: preliminary report a 4-year follow-up of 12 patients.,2014,??????,??????,符合首轮筛选,,Codex,???,,https://pubmed.ncbi.nlm.nih.gov/24249208/
PUBMED-0185,??/????,PubMed,Complete debridement for treatment of thoracolumbar spinal tuberculosis: a clinical curative effect observation.,2014,??????,??????,符合首轮筛选,,Codex,???,,https://pubmed.ncbi.nlm.nih.gov/24119880/
PUBMED-0186,??/??,PubMed,"One-stage anterior debridement, bone grafting and posterior instrumentation vs. single posterior debridement, bone grafting, and instrumentation for the treatment of thoracic and lumbar spinal tuberculosis.",2014,??????,??????,符合首轮筛选,,Codex,???,,https://pubmed.ncbi.nlm.nih.gov/24081689/
PUBMED-0187,??/????,PubMed,[Surgical treatment of spinal tuberculosis: an orthopedic service experience].,2013,??????,??????,符合首轮筛选,,Codex,???,,https://pubmed.ncbi.nlm.nih.gov/24016643/
PUBMED-0188,??/????,PubMed,[The un-healing cause of its management after operation of thoracolumbar tuberculosis].,2013,??????,??????,符合首轮筛选,,Codex,???,,https://pubmed.ncbi.nlm.nih.gov/24015663/
PUBMED-0189,??/??,PubMed,The use of posterior vertebral column resection in the management of severe posttuberculous kyphosis: a retrospective study and literature review.,2013,??????,??????,人工复核纳入,,Codex,???,,https://pubmed.ncbi.nlm.nih.gov/23812354/
PUBMED-0190,??/????,PubMed,The role of surgery in the management of Pott's disease in Yaoundé. A review of 43 cases.,2013,??????,??????,符合首轮筛选,,Codex,???,,https://pubmed.ncbi.nlm.nih.gov/23707738/
PUBMED-0191,??/??,PubMed,"Thoracolumbar spinal tuberculosis with psoas abscesses treated by one-stage posterior transforaminal lumbar debridement, interbody fusion, posterior instrumentation, and postural drainage.",2013,??????,??????,符合首轮筛选,,Codex,???,,https://pubmed.ncbi.nlm.nih.gov/23503890/
PUBMED-0192,??/??,PubMed,Outcomes of different surgical procedures in the treatment of spinal tuberculosis in adults.,2013,??????,??????,符合首轮筛选,,Codex,???,,https://pubmed.ncbi.nlm.nih.gov/23391830/
PUBMED-0193,??/??,PubMed,Posterior approach in thoracolumbar tuberculosis: a clinical and radiological review of 67 operated cases.,2013,??????,??????,符合首轮筛选,,Codex,???,,https://pubmed.ncbi.nlm.nih.gov/23242645/
PUBMED-0194,??/????,PubMed,[Treatment of single-incision vertebral screw-rod fixation combined with pedicle screw-rod fixation for thoracolumbar tuberculosis].,2012,??????,??????,符合首轮筛选,,Codex,???,,https://pubmed.ncbi.nlm.nih.gov/23057347/
PUBMED-0195,??/??,PubMed,Isolated posterior instrumentation for selected cases of thoraco-lumbar spinal tuberculosis without anterior instrumentation and without anterior or posterior bone grafting.,2013,??????,??????,符合首轮筛选,,Codex,???,,https://pubmed.ncbi.nlm.nih.gov/23053761/
PUBMED-0196,??/????,PubMed,Surgical management of contiguous multilevel thoracolumbar tuberculous spondylitis.,2013,??????,??????,符合首轮筛选,,Codex,???,,https://pubmed.ncbi.nlm.nih.gov/22892706/
PUBMED-0197,??/??,PubMed,[Outcomes of anterior versus posterior instrumentation under different surgical procedures in the treatment of thoracolumbar spinal tuberculosis in adults].,2012,??????,??????,符合首轮筛选,,Codex,???,,https://pubmed.ncbi.nlm.nih.gov/22883120/
PUBMED-0198,??/??,PubMed,Posterior-only approach surgery for fixation and decompression of thoracolumbar spinal tuberculosis: a retrospective study.,2012,??????,??????,符合首轮筛选,,Codex,???,,https://pubmed.ncbi.nlm.nih.gov/22854920/
PUBMED-0199,??/??,PubMed,[Posterior osteotomy and long-segment internal fixation for the treatment of senile thoracolumbar kyphotic deformity].,2012,??????,??????,符合首轮筛选,,Codex,???,,https://pubmed.ncbi.nlm.nih.gov/22812093/
PUBMED-0200,??/??,PubMed,Natural history of Pott's kyphosis.,2013,??????,??????,综述/非原始研究,,Codex,???,,https://pubmed.ncbi.nlm.nih.gov/22584918/
PUBMED-0201,??/??,PubMed,Anterior versus posterior procedure for surgical treatment of thoracolumbar tuberculosis: A retrospective analysis.,2012,??????,??????,符合首轮筛选,,Codex,???,,https://pubmed.ncbi.nlm.nih.gov/22448054/
PUBMED-0202,??/??,PubMed,Patients with complicated Pott's disease: management in a rehabilitation department and functional prognosis.,2012,??????,??????,非胸腰段人群,,Codex,???,,https://pubmed.ncbi.nlm.nih.gov/22445109/
PUBMED-0203,??/????,PubMed,Central nervous system tuberculoma.,2012,??????,??????,符合首轮筛选,,Codex,???,,https://pubmed.ncbi.nlm.nih.gov/22398188/
PUBMED-0204,??/????,PubMed,Clinical and radiographic evaluation of posterior surgical correction for the treatment of moderate to severe post-tuberculosis kyphosis in 36 cases with a minimum 2-year follow-up.,2012,??????,??????,符合首轮筛选,,Codex,???,,https://pubmed.ncbi.nlm.nih.gov/22264175/
PUBMED-0205,??/??,PubMed,Kyphotic deformity in spinal tuberculosis and its management.,2012,??????,??????,综述/非原始研究,,Codex,???,,https://pubmed.ncbi.nlm.nih.gov/22234705/
PUBMED-0206,??/??,PubMed,Anterior radical debridement and reconstruction using titanium mesh cage for the surgical treatment of thoracic and thoracolumbar spinal tuberculosis: minimium five-year follow-up.,2011,??????,??????,符合首轮筛选,,Codex,???,,https://pubmed.ncbi.nlm.nih.gov/22194119/
PUBMED-0207,??/??,PubMed,Instrumented circumferential fusion for tuberculosis of the dorso-lumbar spine. A single or double stage procedure?,2012,??????,??????,符合首轮筛选,,Codex,???,,https://pubmed.ncbi.nlm.nih.gov/22072401/
PUBMED-0208,??/????,PubMed,The use of titanium mesh cages in the reconstruction of anterior column defects in active spinal infections: can we rest the crest?,2011,??????,??????,符合首轮筛选,,Codex,???,,https://pubmed.ncbi.nlm.nih.gov/21892387/
PUBMED-0209,??/????,PubMed,[Surgical treatment for the thoracolumbar spinal tuberculosis with paraplegia].,2011,??????,??????,符合首轮筛选,,Codex,???,,https://pubmed.ncbi.nlm.nih.gov/21604533/
PUBMED-0210,??/????,PubMed,[Surgical treatment of spinal tuberculosis associated with diabetes mellitus].,2010,??????,??????,符合首轮筛选,,Codex,???,,https://pubmed.ncbi.nlm.nih.gov/21226359/
PUBMED-0211,??/????,PubMed,[Huge dorsolumbar cold abscess associated with Pott's disease].,2010,??????,??????,病例报告,,Codex,???,,https://pubmed.ncbi.nlm.nih.gov/21167445/
PUBMED-0212,??/??,PubMed,One-stage posterior approach and combined interbody and posterior fusion for thoracolumbar spinal tuberculosis with kyphosis in children.,2010,??????,??????,符合首轮筛选,,Codex,???,,https://pubmed.ncbi.nlm.nih.gov/21053886/
PUBMED-0213,??/????,PubMed,[Surgical treatment of previously treated thoracic and thoracolumbar spinal tuberculosis].,2010,??????,??????,符合首轮筛选,,Codex,???,,https://pubmed.ncbi.nlm.nih.gov/20979902/
PUBMED-0214,??/????,PubMed,Syringomyelia and intradural extramedullary tuberculoma of the spinal cord as a late complication of tuberculous meningitis.,2010,??????,??????,病例报告,,Codex,???,,https://pubmed.ncbi.nlm.nih.gov/20963713/
PUBMED-0215,??/????,PubMed,Minimal invasive anterior decompression in tuberculosis of thoracolumbar junction of the spine--experience with SynFrame.,2009,??????,??????,符合首轮筛选,,Codex,???,,https://pubmed.ncbi.nlm.nih.gov/20795471/
PUBMED-0216,??/????,PubMed,"Expert's comment concerning Grand Rounds case entitled ""Closing-opening wedge osteotomy for severe, rigid thoraco-lumbar post-tubercular kyphosis"" (by S. Rajasekaran, P. Rishimugesh Kanna and Ajoy Prasad Shetty).",2011,??????,??????,符合首轮筛选,,Codex,???,,https://pubmed.ncbi.nlm.nih.gov/20725753/
PUBMED-0217,??/????,PubMed,"Closing-opening wedge osteotomy for severe, rigid, thoracolumbar post-tubercular kyphosis.",2011,??????,??????,病例报告,,Codex,???,,https://pubmed.ncbi.nlm.nih.gov/20717833/
PUBMED-0218,??/????,PubMed,[Surgical treatment of thoracic and thoracolumbar spinal tuberculosis].,2010,??????,??????,符合首轮筛选,,Codex,???,,https://pubmed.ncbi.nlm.nih.gov/20701117/
PUBMED-0219,??/????,PubMed,Spontaneous cord transection due to invasive aspergillus spondylitis in an immunocompetent child.,2011,??????,??????,病例报告,,Codex,???,,https://pubmed.ncbi.nlm.nih.gov/20596734/
PUBMED-0220,??/??,PubMed,The results of simultaneous posterior-anterior-posterior surgery in multilevel tuberculosis spondylitis associated with severe kyphosis.,2010,??????,??????,符合首轮筛选,,Codex,???,,https://pubmed.ncbi.nlm.nih.gov/20589519/
PUBMED-0221,??/????,PubMed,[Spinal tuberculosis or bone metastases? Case report].,2010,??????,??????,病例报告,,Codex,???,,https://pubmed.ncbi.nlm.nih.gov/20509287/
PUBMED-0222,??/????,PubMed,Kyphotic angle progression of thoracic and thoracolumbar tuberculous spondylitis after surgical treatment: comparison with predicted kyphosis outcome after conservative treatment.,2009,??????,??????,符合首轮筛选,,Codex,???,,https://pubmed.ncbi.nlm.nih.gov/20404952/
PUBMED-0223,??/????,PubMed,An atypical localisation of tuberculosis infection in patients undergoing haemodialysis: a case report.,2010,??????,??????,病例报告,,Codex,???,,https://pubmed.ncbi.nlm.nih.gov/20214709/
PUBMED-0224,??/????,PubMed,[Function reconstruction of anterior and middle column in thoracolumbar spinal tuberculosis by one-stage anterior radical debridement].,2010,??????,??????,符合首轮筛选,,Codex,???,,https://pubmed.ncbi.nlm.nih.gov/20135968/
PUBMED-0225,??/????,PubMed,[Effect of surgical treatment for thoracolumbar spinal tuberculosis by anterior radical debridement with bone graft fusion and posterior pedicle screw-rods system fixation].,2009,??????,??????,符合首轮筛选,,Codex,???,,https://pubmed.ncbi.nlm.nih.gov/20112583/
PUBMED-0226,??/????,PubMed,[Combination of intensified anti-tuberculosis with operation for treatment of thoracolumbar tuberculosis].,2009,??????,??????,符合首轮筛选,,Codex,???,,https://pubmed.ncbi.nlm.nih.gov/20073302/
PUBMED-0227,??/????,PubMed,Epidural tuberculosis involving the entire spine.,2009,??????,??????,病例报告,,Codex,???,,https://pubmed.ncbi.nlm.nih.gov/20054749/
PUBMED-0228,??/????,PubMed,Single-stage closing-opening wedge osteotomy of spine to correct severe post-tubercular kyphotic deformities of the spine: a 3-year follow-up of 17 patients.,2010,??????,??????,符合首轮筛选,,Codex,???,,https://pubmed.ncbi.nlm.nih.gov/20013004/
PUBMED-0229,??/??,PubMed,Clinical and radiological outcome of surgery for pyogenic and tuberculous spondylitis: comparisons of surgical techniques and disease types.,2009,??????,??????,病例报告,,Codex,???,,https://pubmed.ncbi.nlm.nih.gov/19929368/
PUBMED-0230,??/????,PubMed,[Complications of the anterior surgical approach for thoracolumbar spine tuberculosis: causes and countermeasures].,2009,??????,??????,符合首轮筛选,,Codex,???,,https://pubmed.ncbi.nlm.nih.gov/19726369/
PUBMED-0231,??/????,PubMed,[Surgical retreatment of thoracic and thoracolumbar spinal tuberculosis].,2009,??????,??????,符合首轮筛选,,Codex,???,,https://pubmed.ncbi.nlm.nih.gov/19615184/
PUBMED-0232,??/????,PubMed,Percutaneous management of complications of tuberculous spondylodiscitis: short- to medium-term results.,2009,??????,??????,符合首轮筛选,,Codex,???,,https://pubmed.ncbi.nlm.nih.gov/19554419/
PUBMED-0233,??/????,PubMed,Intramedullary thoracic tuberculoma.,2010,??????,??????,病例报告,,Codex,???,,https://pubmed.ncbi.nlm.nih.gov/19506570/
PUBMED-0234,??/????,PubMed,Late Mycobacterium bovis spondylitis after intravesical BCG therapy.,2009,??????,??????,病例报告,,Codex,???,,https://pubmed.ncbi.nlm.nih.gov/19303342/
PUBMED-0235,??/????,PubMed,[One stage anterior and posterior fusion and posterior fixation for the treatment of thoracic and lumbar spinal tuberculosis].,2009,??????,??????,符合首轮筛选,,Codex,???,,https://pubmed.ncbi.nlm.nih.gov/19203029/
PUBMED-0236,??/??,PubMed,[A controlled clinical trail of perioperative nutritional support of thoracolumbar spinal tuberculosis].,2008,??????,??????,符合首轮筛选,,Codex,???,,https://pubmed.ncbi.nlm.nih.gov/19102266/
PUBMED-0237,??/??,PubMed,Spinal intramedullary tuberculosis: a series of 15 cases.,2009,??????,??????,符合首轮筛选,,Codex,???,,https://pubmed.ncbi.nlm.nih.gov/19058910/
PUBMED-0238,??/??,PubMed,Safety and efficacy of pedicle screws and titanium mesh cage in the treatments of tuberculous spondylitis of the thoracolumbar spine.,2008,??????,??????,符合首轮筛选,,Codex,???,,https://pubmed.ncbi.nlm.nih.gov/20404959/
PUBMED-0239,??/??,PubMed,[One stage posterior vertebral column resection for the treatment of thorciclumbar tuberculosis with kyphotic deformity].,2008,??????,??????,符合首轮筛选,,Codex,???,,https://pubmed.ncbi.nlm.nih.gov/18812669/
PUBMED-0240,??/????,PubMed,Pott's disease in a young child.,2008,??????,??????,病例报告,,Codex,???,,https://pubmed.ncbi.nlm.nih.gov/18626460/
PUBMED-0241,??/??,PubMed,Two-stage (posterior and anterior) surgical treatment of spinal osteomyelitis due to atypical mycobacteria and associated thoracolumbar kyphoscoliosis in a nonimmunocompromised patient.,2008,??????,??????,病例报告,,Codex,???,,https://pubmed.ncbi.nlm.nih.gov/18379393/
PUBMED-0242,??/??,PubMed,Posterior approach vertebrectomy in the thoracolumbar spine with expandable cage reconstruction: indications and techniques based on eight cases.,2008,??????,??????,符合首轮筛选,,Codex,???,,https://pubmed.ncbi.nlm.nih.gov/18348020/
PUBMED-0243,??/????,PubMed,"Experiences in management of Pott's paraplegia and paraparesis in medical wards of Usmanu Danfodiyo University Teaching Hospital, Sokoto, Nigeria.",2007,??????,??????,非胸腰段人群,,Codex,???,,https://pubmed.ncbi.nlm.nih.gov/18240487/
PUBMED-0244,??/????,PubMed,A long-term follow-up study of anterior tibial allografting and instrumentation in the management of thoracolumbar tuberculous spondylitis.,2008,??????,??????,人工复核纳入,,Codex,???,,https://pubmed.ncbi.nlm.nih.gov/18173344/
PUBMED-0245,??/????,PubMed,[Surgical treatment of spinal tuberculosis in aged].,2007,??????,??????,符合首轮筛选,,Codex,???,,https://pubmed.ncbi.nlm.nih.gov/18067731/
PUBMED-0246,??/??,PubMed,Clinical Analysis of Video-assisted Thoracoscopic Spinal Surgery in the Thoracic or Thoracolumbar Spinal Pathologies.,2007,??????,??????,符合首轮筛选,,Codex,???,,https://pubmed.ncbi.nlm.nih.gov/19096559/
PUBMED-0247,??/????,PubMed,Spinal tuberculosis: a major public health hazard in Isfahan.,2007,??????,??????,符合首轮筛选,,Codex,???,,https://pubmed.ncbi.nlm.nih.gov/19090158/
PUBMED-0248,??/??,PubMed,Pathways tracked by dorsolumbar tuberculous abscesses.,2007,??????,??????,人工复核排除,,Codex,???,,https://pubmed.ncbi.nlm.nih.gov/17620817/
PUBMED-0249,??/????,PubMed,Buckling collapse of the spine in childhood spinal tuberculosis.,2007,??????,??????,符合首轮筛选,,Codex,???,,https://pubmed.ncbi.nlm.nih.gov/17471103/
PUBMED-0250,??/??,PubMed,Kyphus correction in spinal tuberculosis.,2007,??????,??????,符合首轮筛选,,Codex,???,,https://pubmed.ncbi.nlm.nih.gov/17452923/
PUBMED-0251,??/????,PubMed,Medical management of Pott disease in the thoracic and lumbar spine: a prospective clinical study.,2007,??????,??????,符合首轮筛选,,Codex,???,,https://pubmed.ncbi.nlm.nih.gov/17355021/
PUBMED-0252,??/??,PubMed,Single-stage transpedicular decompression and posterior instrumentation in treatment of thoracic and thoracolumbar spinal tuberculosis: a retrospective case series.,2006,??????,??????,符合首轮筛选,,Codex,???,,https://pubmed.ncbi.nlm.nih.gov/17146304/
PUBMED-0253,??/????,PubMed,Prediction of deformity in spinal tuberculosis.,2007,??????,??????,符合首轮筛选,,Codex,???,,https://pubmed.ncbi.nlm.nih.gov/17091018/
PUBMED-0254,??/????,PubMed,Morphological changes during growth in healed childhood spinal tuberculosis: a 15-year prospective study of 61 children treated with ambulatory chemotherapy.,2006,??????,??????,符合首轮筛选,,Codex,???,,https://pubmed.ncbi.nlm.nih.gov/17065932/
PUBMED-0255,??/????,PubMed,A rare cause of flank mass: psoas abscess due to extensive primary thoracolumbar tuberculous spondylodiskitis.,2006,??????,??????,病例报告,,Codex,???,,https://pubmed.ncbi.nlm.nih.gov/16971625/
PUBMED-0256,??/??,PubMed,[Different operation methods for thoracolumbar spinal tuberculosis].,2006,??????,??????,符合首轮筛选,,Codex,???,,https://pubmed.ncbi.nlm.nih.gov/16859141/
PUBMED-0257,??/????,PubMed,[New type spinal osteotomy with cage inserting anteriorly and closing posteriorly to correct thoracolumbar kyphosis by a single posterior approach].,2006,??????,??????,符合首轮筛选,,Codex,???,,https://pubmed.ncbi.nlm.nih.gov/16784636/
PUBMED-0258,??/??,PubMed,"Non-contiguous multifocal spinal tuberculosis involving cervical, thoracic, lumbar and sacral segments: a case report.",2006,??????,??????,病例报告,,Codex,???,,https://pubmed.ncbi.nlm.nih.gov/16601973/
PUBMED-0259,??/??,PubMed,Pott disease in the thoracolumbar spine with marked kyphosis and progressive paraplegia necessitating posterior vertebral column resection and anterior reconstruction with a cage.,2006,??????,??????,病例报告,,Codex,???,,https://pubmed.ncbi.nlm.nih.gov/16481941/
PUBMED-0260,??/??,PubMed,[Clinical value of ventrofix in the treatment of thoracolumbar spine disorders].,2004,??????,??????,符合首轮筛选,,Codex,???,,https://pubmed.ncbi.nlm.nih.gov/16137017/
PUBMED-0261,??/????,PubMed,[Application of freeze-dried cancellous allograft in treatment of spinal tuberculosis].,2005,??????,??????,符合首轮筛选,,Codex,???,,https://pubmed.ncbi.nlm.nih.gov/16038452/
PUBMED-0262,??/??,PubMed,[Thoracoscopic anterior approach decompression and reconstruction for thoracolumbar spine diseases].,2005,??????,??????,符合首轮筛选,,Codex,???,,https://pubmed.ncbi.nlm.nih.gov/15938903/
PUBMED-0263,??/??,PubMed,Dorsolumbar junction spinal tuberculosis in an infant: case report.,2005,??????,??????,病例报告,,Codex,???,,https://pubmed.ncbi.nlm.nih.gov/15926398/
PUBMED-0264,??/????,PubMed,Cervical spinal tuberculosis with tuberculous otitis media masquerading as otitis externa malignans in an elderly diabetic patient: case report.,2004,??????,??????,病例报告,,Codex,???,,https://pubmed.ncbi.nlm.nih.gov/15508343/
PUBMED-0265,??/????,PubMed,One-stage anterior interbody autografting and instrumentation in primary surgical management of thoracolumbar spinal tuberculosis.,2004,??????,??????,符合首轮筛选,,Codex,???,,https://pubmed.ncbi.nlm.nih.gov/14685831/
PUBMED-0266,??/????,PubMed,[Primary anterior internal fixation for the surgical management of thoracolumbar spinal tuberculosis].,2003,??????,??????,符合首轮筛选,,Codex,???,,https://pubmed.ncbi.nlm.nih.gov/12934367/
PUBMED-0267,??/??,PubMed,[One-stage surgical management for spinal tuberculosis].,2003,??????,??????,符合首轮筛选,,Codex,???,,https://pubmed.ncbi.nlm.nih.gov/12812677/
PUBMED-0268,??/????,PubMed,Pott's paraplegia in patients with severely deformed dorsal or dorsolumbar spines: treatment and prognosis.,2003,??????,??????,病例报告,,Codex,???,,https://pubmed.ncbi.nlm.nih.gov/12612619/
PUBMED-0269,??/????,PubMed,Role of posterior stabilisation in the management of tuberculosis of the dorsal and lumbar spine.,2003,??????,??????,符合首轮筛选,,Codex,???,,https://pubmed.ncbi.nlm.nih.gov/12585586/
PUBMED-0270,??/????,PubMed,Magnetic resonance imaging of tuberculous spondylitis.,2003,??????,??????,符合首轮筛选,,Codex,???,,https://pubmed.ncbi.nlm.nih.gov/12555837/
PUBMED-0271,??/??,PubMed,Spinal brace in tuberculosis of spine.,2002,??????,??????,符合首轮筛选,,Codex,???,,https://pubmed.ncbi.nlm.nih.gov/12518197/
PUBMED-0272,??/??,PubMed,Spinal brace in tuberculosis of spine.,2003,??????,??????,符合首轮筛选,,Codex,???,,https://pubmed.ncbi.nlm.nih.gov/23648980/
PUBMED-0273,??/??,PubMed,[Transpedicular instrumentation and interbody fusion for spinal tuberculosis].,2002,??????,??????,符合首轮筛选,,Codex,???,,https://pubmed.ncbi.nlm.nih.gov/12425824/
PUBMED-0274,??/??,PubMed,[Observation of body temperature and erythrocyte sedimentation rate in spinal tuberculosis patients with anterior interbody autograft and internal fixation].,2002,??????,??????,符合首轮筛选,,Codex,???,,https://pubmed.ncbi.nlm.nih.gov/12390858/
PUBMED-0275,??/????,PubMed,[New technologies in the surgical treatment of tuberculous spondylitis].,2002,??????,??????,符合首轮筛选,,Codex,???,,https://pubmed.ncbi.nlm.nih.gov/11899798/
PUBMED-0276,??/??,PubMed,[Anterior interbody autografting and internal fixation for primary surgical management of thoracolumbar spinal tuberculosis].,2000,??????,??????,符合首轮筛选,,Codex,???,,https://pubmed.ncbi.nlm.nih.gov/11832191/
PUBMED-0277,??/??,PubMed,[Anterior thoracolumbar K-plate fixation system: design and clinical application].,2001,??????,??????,符合首轮筛选,,Codex,???,,https://pubmed.ncbi.nlm.nih.gov/11769608/
PUBMED-0278,??/????,PubMed,"Single stage decompression, anterior interbody fusion and posterior instrumentation for tuberculous kyphosis of the dorso-lumbar spine.",2001,??????,??????,符合首轮筛选,,Codex,???,,https://pubmed.ncbi.nlm.nih.gov/11512073/
PUBMED-0279,??/??,PubMed,[Treatment of thoracolumbar tuberculosis complicated with paraplegia].,1998,??????,??????,符合首轮筛选,,Codex,???,,https://pubmed.ncbi.nlm.nih.gov/11263391/
PUBMED-0280,??/????,PubMed,[Sub-occipital Pott's disease. Diagnostic imaging in 2 cases].,2000,??????,??????,病例报告,,Codex,???,,https://pubmed.ncbi.nlm.nih.gov/10970967/
PUBMED-0281,??/????,PubMed,Transpedicular instrumentation as an adjunct in the treatment of thoracolumbar and lumbar spine tuberculosis with early stage bone destruction.,1999,??????,??????,符合首轮筛选,,Codex,???,,https://pubmed.ncbi.nlm.nih.gov/10505499/
PUBMED-0282,??/????,PubMed,Complications in thoracoscopic spinal surgery: a study of 90 consecutive patients.,1999,??????,??????,符合首轮筛选,,Codex,???,,https://pubmed.ncbi.nlm.nih.gov/10094745/
PUBMED-0283,??/??,PubMed,[Transthoracic approach to the spinal column].,1998,??????,??????,符合首轮筛选,,Codex,???,,https://pubmed.ncbi.nlm.nih.gov/9881215/
PUBMED-0284,??/??,PubMed,Tuberculous lesions of the lumbosacral region. A 15-year follow-up of patients treated by ambulant chemotherapy.,1998,??????,??????,符合首轮筛选,,Codex,???,,https://pubmed.ncbi.nlm.nih.gov/9615369/
PUBMED-0285,??/????,PubMed,The effect of age on the change in deformity after anterior débridement surgery for tuberculosis of the spine.,1996,??????,??????,符合首轮筛选,,Codex,???,,https://pubmed.ncbi.nlm.nih.gov/8915071/
PUBMED-0286,??/??,PubMed,Spinal stenosis above a healed tuberculous kyphosis. A case report.,1996,??????,??????,病例报告,,Codex,???,,https://pubmed.ncbi.nlm.nih.gov/8724098/
PUBMED-0287,??/??,PubMed,Case records of the Massachusetts General Hospital. Weekly clinicopathological exercises. Case 9-1996. A 21-year-old African woman with thoracolumbar pain and fever.,1996,??????,??????,病例报告,,Codex,???,,https://pubmed.ncbi.nlm.nih.gov/8592554/
PUBMED-0288,??/????,PubMed,Latent solitary tuberculous psoas abscess 52 years after healed thoracolumbar tuberculous spondylitis.,1995,??????,??????,病例报告,,Codex,???,,https://pubmed.ncbi.nlm.nih.gov/7482022/
PUBMED-0289,??/????,PubMed,"Tuberculosis of the spine in children at Muhimbili Medical Centre, Dar es Salaam.",1995,??????,??????,符合首轮筛选,,Codex,???,,https://pubmed.ncbi.nlm.nih.gov/7781556/
PUBMED-0290,??/????,PubMed,Modern management of spinal tuberculosis.,1995,??????,??????,符合首轮筛选,,Codex,???,,https://pubmed.ncbi.nlm.nih.gov/7708173/
PUBMED-0291,??/????,PubMed,[Medico-surgical treatment of Pott's disease. Our attitude in Gabon].,1994,??????,??????,符合首轮筛选,,Codex,???,,https://pubmed.ncbi.nlm.nih.gov/7874618/
PUBMED-0292,??/??,PubMed,Vascularized iliac bone graft based on a pedicle of upper lumbar vessels for anterior fusion of the thoraco-lumbar spine.,1994,??????,??????,病例报告,,Codex,???,,https://pubmed.ncbi.nlm.nih.gov/7952810/
PUBMED-0293,??/????,PubMed,The effect of age on the change in deformity after radical resection and anterior arthrodesis for tuberculosis of the spine.,1994,??????,??????,符合首轮筛选,,Codex,???,,https://pubmed.ncbi.nlm.nih.gov/8175818/
PUBMED-0294,??/??,PubMed,A single stage posterior approach and rigid fixation for preventing kyphosis in the treatment of spinal tuberculosis.,1994,??????,??????,符合首轮筛选,,Codex,???,,https://pubmed.ncbi.nlm.nih.gov/8029738/
PUBMED-0295,??/??,PubMed,Longitudinal changes in spinal deformity after anterior spinal surgery for tuberculosis of the spine in adults. A comparative analysis between radical and debridement surgery.,1994,??????,??????,符合首轮筛选,,Codex,???,,https://pubmed.ncbi.nlm.nih.gov/8184348/
PUBMED-0296,??/??,PubMed,Evaluation of the risk of instrumentation as a foreign body in spinal tuberculosis. Clinical and biologic study.,1993,??????,??????,符合首轮筛选,,Codex,???,,https://pubmed.ncbi.nlm.nih.gov/8235878/
PUBMED-0297,??/??,PubMed,The IVBF dual-blade plate and its applications.,1991,??????,??????,符合首轮筛选,,Codex,???,,https://pubmed.ncbi.nlm.nih.gov/2028325/
PUBMED-0298,??/??,PubMed,"Spinal tuberculosis with neurological deficit. Treatment with anterior vascularised rib grafts, posterior osteotomies and fusion.",1990,??????,??????,符合首轮筛选,,Codex,???,,https://pubmed.ncbi.nlm.nih.gov/2380228/
PUBMED-0299,??/????,PubMed,"[Vertebral tuberculosis in Gabon. Anatomo-clinical aspects, diagnostic and therapeutic problems, 107 cases from 1976 to 1986].",1988,??????,??????,综述/非原始研究,,Codex,???,,https://pubmed.ncbi.nlm.nih.gov/3070425/
PUBMED-0300,??/????,PubMed,Prediction of the angle of gibbus deformity in tuberculosis of the spine.,1987,??????,??????,病例报告,,Codex,???,,https://pubmed.ncbi.nlm.nih.gov/3571308/
PUBMED-0301,??/??,PubMed,[Reinforced staple applied to the thoraco-lumbar spine for inter-vertebral-body fixation. A preliminary report of 49 cases].,1986,??????,??????,非脊柱结核,,Codex,???,,https://pubmed.ncbi.nlm.nih.gov/3570264/
PUBMED-0302,??/????,PubMed,A controlled trial of six-month and nine-month regimens of chemotherapy in patients undergoing radical surgery for tuberculosis of the spine in Hong Kong. Tenth report of the Medical Research Council Working Party on Tuberculosis of the Spine.,1986,??????,??????,符合首轮筛选,,Codex,???,,https://pubmed.ncbi.nlm.nih.gov/2889281/
PUBMED-0303,??/??,PubMed,Posterior spinal fusion using internal fixation with the Daab plate.,1984,??????,??????,符合首轮筛选,,Codex,???,,https://pubmed.ncbi.nlm.nih.gov/6741481/
PUBMED-0304,??/????,PubMed,A 10-year assessment of a controlled trial comparing debridement and anterior spinal fusion in the management of tuberculosis of the spine in patients on standard chemotherapy in Hong Kong. Eighth Report of the Medical Research Council Working Party on Tuberculosis of the Spine.,1982,??????,??????,符合首轮筛选,,Codex,???,,https://pubmed.ncbi.nlm.nih.gov/7047536/
PUBMED-0305,??/??,PubMed,[Differential use of surgical approaches in disseminated and complicated forms of tuberculosis of the thoracolumbar spine].,1979,??????,??????,病例报告,,Codex,???,,https://pubmed.ncbi.nlm.nih.gov/424425/
PUBMED-0306,??/??,PubMed,[Method of mobilizing the diaphragm in the extraperitoneal and extrapleural approach to the thoracolumbar spine in disseminated forms of tuberculous spondylitis].,1979,??????,??????,病例报告,,Codex,???,,https://pubmed.ncbi.nlm.nih.gov/424423/
PUBMED-0307,??/????,PubMed,"Radiological features of tuberculosis of the spine in Ibadan, Nigeria.",1977,??????,??????,符合首轮筛选,,Codex,???,,https://pubmed.ncbi.nlm.nih.gov/416667/
PUBMED-0308,??/??,PubMed,[Transthoracic approach with detachment of the diaphragm in surgery of tuberculosis of the thoraco-lumbar portion of the spine (anatomo-surgical investigation)].,1973,??????,??????,无摘要但标题相关,,Codex,???,,https://pubmed.ncbi.nlm.nih.gov/4767517/
PUBMED-0309,??/??,PubMed,[Some topographical features of organs in tuberculosis of thoracolumbar spine and their importance in surgical treatment of spondylitis].,1972,??????,??????,无摘要但标题相关,,Codex,???,,https://pubmed.ncbi.nlm.nih.gov/5018931/
PUBMED-0310,??/??,PubMed,[Surgical treatment of tuberculosis of the thoracolumbar region of the spine].,1972,??????,??????,无摘要但标题相关,,Codex,???,,https://pubmed.ncbi.nlm.nih.gov/5051127/
PUBMED-0311,??/??,PubMed,[Modification of a combined approach to the bodies of the thoraco-lumbar vertebrae in tuberculous spondylitis].,1970,??????,?????,摘要信息不足/待人工判断,,Codex,???,,https://pubmed.ncbi.nlm.nih.gov/5449566/
PUBMED-0312,??/??,PubMed,[Program of progressive mobilization of patients with dorso-lumbar spondylitis during conservative treatment of 6 and one half months].,1967,??????,??????,非脊柱结核,,Codex,???,,https://pubmed.ncbi.nlm.nih.gov/5593641/
PUBMED-0313,??/??,PubMed,[Thoraco-diaphragmatic approach to the thoracolumbar spine in tuberculous spondylitis].,1966,??????,?????,摘要信息不足/待人工判断,,Codex,???,,https://pubmed.ncbi.nlm.nih.gov/5966493/
PUBMED-0314,??/????,PubMed,[The trend of treatment of dorso-lumbar Pott's disease. Must we revise our concepts on the direct approach? Study of a statistical series of 63 cases covering 3 years].,1961,??????,??????,无摘要但标题相关,,Codex,???,,https://pubmed.ncbi.nlm.nih.gov/13769832/
PUBMED-0315,??/??,PubMed,[Operative treatment of organic destructive forms of tuberculosis of the thoracic and thoracolumbar areas of the spine in adults].,1959,??????,??????,无摘要但标题相关,,Codex,???,,https://pubmed.ncbi.nlm.nih.gov/14420456/
PUBMED-0316,??/??,PubMed,[Contribution to the therapeutic study of the nervous complications of tuberculosis of the dorsolumbar spine].,1959,??????,?????,摘要信息不足/待人工判断,,Codex,???,,https://pubmed.ncbi.nlm.nih.gov/14423657/
PUBMED-0317,??/??,PubMed,Spinal tuberculosis in Southern Nigeria with special reference to ambulant treatment of thoracolumbar disease.,1958,??????,??????,无摘要但标题相关,,Codex,???,,https://pubmed.ncbi.nlm.nih.gov/13513647/
PUBMED-0318,??/????,PubMed,[Diagnosis of dorsolumbar Pott's disease in adults].,1957,??????,??????,无摘要但标题相关,,Codex,???,,https://pubmed.ncbi.nlm.nih.gov/13422998/
PUBMED-0319,??/??,PubMed,Pathways tracked by dorsolumbar tuberculous abscesses.,1956,??????,??????,人工复核排除,,Codex,???,,https://pubmed.ncbi.nlm.nih.gov/13374916/
PUBMED-0320,??/??,PubMed,[Osteosynthesis of the spinal column in Pott's disease of dorsolumbar localization in adults].,1955,??????,?????,摘要信息不足/待人工判断,,Codex,???,,https://pubmed.ncbi.nlm.nih.gov/14384534/
PUBMED-0321,??/??,PubMed,[Vertebral osteosynthesis in dorsolumbar Pott's disease in the adult; indications and results].,1951,??????,?????,摘要信息不足/待人工判断,,Codex,???,,https://pubmed.ncbi.nlm.nih.gov/14865353/
